EN,ZH,POS EN,POS ZH
70% Said they came to protest the police brutality of 30 November and 54% to protest in support of the European Union Association Agreement signing.,70%的人说他们是来抗议11月30日晚警方的暴力行径54%的人来为支持与欧盟签订同盟协定而示威。,"70 NUM
% NOUN
Said VERB
they PRON
came VERB
to PART
protest VERB
the DET
police NOUN
brutality NOUN
of ADP
30 NUM
November PROPN
and CCONJ
54 NUM
% NOUN
to PART
protest VERB
in ADP
support NOUN
of ADP
the DET
European PROPN
Union PROPN
Association PROPN
Agreement PROPN
signing NOUN
. PUNCT
","70% NUM
的 PART
人 NOUN
说 VERB
他们 PRON
是 VERB
来 VERB
抗议 VERB
11月 NOUN
30日 NOUN
晚 NOUN
警方 NOUN
的 PART
暴力 NOUN
行径 NOUN
54% VERB
的 PART
人 NOUN
来 PART
为 ADP
支持 VERB
与 ADP
欧盟 PROPN
签订 VERB
同盟 NOUN
协定 NOUN
而 PART
示威 VERB
。 PUNCT"
The distinctive triangular shape of the ejecta indicates that the impacting body probably hit obliquely traveling from southwest to northeast.,独特的三角状喷发物表明该陨石坑的形成可能源于一次自西南往东北的斜向撞击。,"The DET
distinctive ADJ
triangular NOUN
shape NOUN
of ADP
the DET
ejecta NOUN
indicates VERB
that SCONJ
the DET
impacting VERB
body NOUN
probably ADV
hit VERB
obliquely ADV
traveling VERB
from ADP
southwest NOUN
to PART
northeast VERB
. PUNCT
","独特 VERB
的 PART
三角状喷 PROPN
发物 NOUN
表明 VERB
该 DET
陨 ADJ
石坑 NOUN
的 PART
形成 NOUN
可能 VERB
源于 VERB
一 NUM
次 NUM
自 ADP
西南 NOUN
往 ADP
东北 PROPN
的 PART
斜向 NOUN
撞击 VERB
。 PUNCT"
The Sheffield Tramway was closed and a new system of roads including the Inner Ring Road were laid out.,谢菲尔德的有轨电车停止运营被包括内环线在内的新的道路系统取而代之。,"The DET
Sheffield PROPN
Tramway PROPN
was AUX
closed ADJ
and CCONJ
a DET
new ADJ
system NOUN
of ADP
roads NOUN
including VERB
the DET
Inner PROPN
Ring PROPN
Road PROPN
were AUX
laid VERB
out ADP
. PUNCT
","谢菲尔德 PROPN
的 PART
有轨 VERB
电车 NOUN
停止 VERB
运营 NOUN
被 X
包括 VERB
内环线 NOUN
在内 PART
的 PART
新 ADJ
的 PART
道路 NOUN
系统 NOUN
取而代之 VERB
。 PUNCT"
Two of the first centers George Mason University's Center for History and New Media and the Virginia Center for Digital History at the University of Virginia have been among the leaders in the development of digital history projects and the education of digital historians.,最早的两个中心乔治梅森大学的历史与新媒体中心与维吉尼亚大学的维吉尼亚大学数字历史中心一直是数位史学计画发展和数位史学教育的领导者。,"Two NUM
of ADP
the DET
first ADJ
centers NOUN
George PROPN
Mason PROPN
University PROPN
's PART
Center PROPN
for ADP
History NOUN
and CCONJ
New PROPN
Media PROPN
and CCONJ
the DET
Virginia PROPN
Center PROPN
for ADP
Digital PROPN
History PROPN
at ADP
the DET
University PROPN
of ADP
Virginia PROPN
have AUX
been AUX
among ADP
the DET
leaders NOUN
in ADP
the DET
development NOUN
of ADP
digital ADJ
history NOUN
projects NOUN
and CCONJ
the DET
education NOUN
of ADP
digital ADJ
historians NOUN
. PUNCT
","最 ADV
早 VERB
的 PART
两 NUM
个 NUM
中心 NOUN
乔治梅森 PROPN
大学 NOUN
的 PART
历史 NOUN
与 CCONJ
新 ADJ
媒体 NOUN
中心 NOUN
与 CCONJ
维吉尼亚 PROPN
大学 NOUN
的 PART
维吉尼亚 PROPN
大学 NOUN
数字 NOUN
历史 NOUN
中心 NOUN
一直 ADV
是 VERB
数位 ADJ
史学 NOUN
计画 NOUN
发展 NOUN
和 CCONJ
数位 ADJ
史学 NOUN
教育 NOUN
的 PART
领导者 NOUN
。 PUNCT"
Courts have been clear that Twitter statements can be used as evidence of intent.,多间法院已经清楚表示推文可以被用以证明故意。,"Courts NOUN
have AUX
been AUX
clear ADJ
that SCONJ
Twitter PROPN
statements NOUN
can AUX
be AUX
used VERB
as ADP
evidence NOUN
of ADP
intent NOUN
. PUNCT
","多间 ADJ
法院 NOUN
已经 ADV
清楚 ADV
表示 VERB
推文 VERB
可以 VERB
被 X
用以 VERB
证明 VERB
故意 VERB
。 PUNCT"
When Ramkumar died in 1856 Ramakrishna took his place as the priest of the Kali temple.,1856年Ramkumar死后拉玛取而代之成为时母庙的祭司。,"When SCONJ
Ramkumar PROPN
died VERB
in ADP
1856 NUM
Ramakrishna PROPN
took VERB
his PRON
place NOUN
as ADP
the DET
priest NOUN
of ADP
the DET
Kali PROPN
temple NOUN
. PUNCT
","1856年 NOUN
Ramkumar死后拉 PROPN
玛取而代之 VERB
成为 VERB
时母庙 NOUN
的 PART
祭司 NOUN
。 PUNCT"
"In 1928 Frederick Griffith discovered the phenomenon of transformation (see Griffith's experiment): dead bacteria could transfer genetic material to ""transform"" other still-living bacteria.",1928年弗雷德里克·格里菲斯发现了转化现象（参见格里菲斯实验）：死亡的细菌可以将遗传物质“转化”到其他依然活着的细菌内。,"In ADP
1928 NUM
Frederick PROPN
Griffith PROPN
discovered VERB
the DET
phenomenon NOUN
of ADP
transformation NOUN
( PUNCT
see VERB
Griffith PROPN
's PART
experiment NOUN
): PUNCT
dead ADJ
bacteria NOUN
could AUX
transfer VERB
genetic ADJ
material NOUN
to PART
"" PUNCT
transform VERB
"" PUNCT
other ADJ
still ADV
- PUNCT
living VERB
bacteria NOUN
. PUNCT
","1928年 NOUN
弗雷德里克·格里菲斯 PROPN
发现 VERB
了 PART
转化 NOUN
现象 NOUN
（ PUNCT
参见 VERB
格里菲斯 NOUN
实验 NOUN
） PUNCT
： PUNCT
死亡 NOUN
的 PART
细菌 NOUN
可以 VERB
将 ADV
遗传 VERB
物质 NOUN
“ PUNCT
转化 VERB
” PUNCT
到 ADP
其他 DET
依然 ADV
活 VERB
着 PART
的 PART
细菌 NOUN
内 PART
。 PUNCT"
"Torres stated his commitment to Liverpool on 3 August: ""My commitment and loyalty to the club and to the fans is the same as it was on my first day when I signed.""",”托雷斯在8月3日表示他承诺留在行浦他说“正如我加盟的第一天我对俱乐部的承诺和忠诚度和球迷一样。,"Torres NOUN
stated VERB
his PRON
commitment NOUN
to ADP
Liverpool PROPN
on ADP
3 NUM
August PROPN
: PUNCT
"" PUNCT
My PRON
commitment NOUN
and CCONJ
loyalty NOUN
to ADP
the DET
club NOUN
and CCONJ
to ADP
the DET
fans NOUN
is AUX
the DET
same ADJ
as SCONJ
it PRON
was AUX
on ADP
my PRON
first ADJ
day NOUN
when SCONJ
I PRON
signed VERB
. PUNCT
"" PUNCT
","” PUNCT
托雷斯 PROPN
在 ADP
8月 NOUN
3日 NOUN
表示 VERB
他 PRON
承诺 VERB
留 VERB
在 ADP
行浦 NOUN
他 PRON
说 VERB
“ PUNCT
正如 ADP
我 PRON
加盟 VERB
的 PART
第一 NUM
天 NUM
我 PRON
对 ADP
俱乐部 NOUN
的 PART
承诺 NOUN
和 CCONJ
忠诚度 NOUN
和 CCONJ
球迷 PROPN
一样 VERB
。 PUNCT"
As a social relation within a system of exchange cultural capital includes the accumulated cultural knowledge that confers social status and power.,而文化资本即是指包含了可以赋予权力和地位的累积文化知识的一种社会关系。,"As SCONJ
a DET
social ADJ
relation NOUN
within ADP
a DET
system NOUN
of ADP
exchange NOUN
cultural ADJ
capital NOUN
includes VERB
the DET
accumulated VERB
cultural ADJ
knowledge NOUN
that PRON
confers VERB
social ADJ
status NOUN
and CCONJ
power NOUN
. PUNCT
","而 ADV
文化 NOUN
资本 NOUN
即 ADV
是 VERB
指 VERB
包含 VERB
了 PART
可以 VERB
赋予 VERB
权力 NOUN
和 CCONJ
地位 NOUN
的 PART
累积 NOUN
文化 NOUN
知识 NOUN
的 PART
一 NUM
种 NUM
社会 NOUN
关系 NOUN
。 PUNCT"
That quick two-day pass (July 14–15 1965) with crude instruments contributed little to the state of knowledge of Martian climate.,快速的二日飞掠任务（1965年7月14至15日）提供了火星气候有限而粗略的模式。,"That DET
quick ADJ
two NUM
- PUNCT
day NOUN
pass NOUN
( PUNCT
July PROPN
14–15 NUM
1965 NUM
) PUNCT
with ADP
crude ADJ
instruments NOUN
contributed VERB
little ADJ
to ADP
the DET
state NOUN
of ADP
knowledge NOUN
of ADP
Martian ADJ
climate NOUN
. PUNCT
","快速 ADJ
的 PART
二日 NOUN
飞掠 NOUN
任务 NOUN
（ PUNCT
1965年 NOUN
7月 NOUN
14 NOUN
至 CCONJ
15日 NOUN
） PUNCT
提供 VERB
了 PART
火星 NOUN
气候 NOUN
有限 VERB
而 PART
粗略 VERB
的 PART
模式 NOUN
。 PUNCT"
Thus the white dwarf Sun will gradually cool growing dimmer and dimmer.,因此白矮星太阳将逐渐冷却越来越黯淡。,"Thus ADV
the DET
white ADJ
dwarf NOUN
Sun PROPN
will AUX
gradually ADV
cool VERB
growing VERB
dimmer NOUN
and CCONJ
dimmer NOUN
. PUNCT
","因此 ADV
白矮星 PROPN
太阳 NOUN
将 ADV
逐渐 ADV
冷却 VERB
越来越 ADV
黯淡 VERB
。 PUNCT"
Ricky is more inclined to include Ethel in performances at his nightclub because unlike Lucy she can actually sing and dance rather well.,里奇则是更希望爱瑟儿能在他的夜总会表演因为她有露西所不具备的歌舞能力。,"Ricky PROPN
is AUX
more ADV
inclined ADJ
to PART
include VERB
Ethel PROPN
in ADP
performances NOUN
at ADP
his PRON
nightclub NOUN
because SCONJ
unlike ADP
Lucy PROPN
she PRON
can AUX
actually ADV
sing VERB
and CCONJ
dance VERB
rather ADV
well ADV
. PUNCT
","里奇 PROPN
则 ADV
是 VERB
更 ADV
希望 VERB
爱 VERB
瑟儿 NOUN
能 VERB
在 ADP
他 PRON
的 PART
夜总会 NOUN
表演 NOUN
因为 ADP
她 PRON
有 VERB
露西 NOUN
所 PART
不 ADV
具备 VERB
的 PART
歌舞 NOUN
能力 NOUN
。 PUNCT"
"The same asset must trade at the same price on all markets (""the law of one price"").",同一种资产在不同市场上价格不同（违背了“一价定律”）。,"The DET
same ADJ
asset NOUN
must AUX
trade VERB
at ADP
the DET
same ADJ
price NOUN
on ADP
all DET
markets NOUN
( PUNCT
"" PUNCT
the DET
law NOUN
of ADP
one NUM
price NOUN
"" PUNCT
) PUNCT
. PUNCT
","同一 NUM
种 NUM
资产 NOUN
在 ADP
不同 ADJ
市场 NOUN
上 PART
价格 NOUN
不同 VERB
（ PUNCT
违背 VERB
了 PART
“ PUNCT
一 NUM
价 NUM
定律 NOUN
” PUNCT
） PUNCT
。 PUNCT"
Laffoon was a member of the Democratic National Committee in 1936 but decided not to attend the national convention.,拉冯是1936年民主党全国委员会委员但却决定不出席这年的全国大会。,"Laffoon PROPN
was AUX
a DET
member NOUN
of ADP
the DET
Democratic PROPN
National PROPN
Committee PROPN
in ADP
1936 NUM
but CCONJ
decided VERB
not PART
to PART
attend VERB
the DET
national ADJ
convention NOUN
. PUNCT
","拉冯 PROPN
是 VERB
1936年 NOUN
民主党 PROPN
全国 NOUN
委员会 NOUN
委员 NOUN
但 ADV
却 ADV
决定 VERB
不 ADV
出席 VERB
这 DET
年 NUM
的 PART
全国 ADJ
大会 NOUN
。 PUNCT"
There are two main philosophies of subject classification of documents: the content-based approach and the request-based approach.,主要由两种方法来做根据主题的文档分类：基于内容的方法以及基于请求的方法。,"There PRON
are VERB
two NUM
main ADJ
philosophies NOUN
of ADP
subject ADJ
classification NOUN
of ADP
documents NOUN
: PUNCT
the DET
content NOUN
- PUNCT
based VERB
approach NOUN
and CCONJ
the DET
request NOUN
- PUNCT
based VERB
approach NOUN
. PUNCT
","主要 ADV
由 ADP
两 NUM
种 NUM
方法 NOUN
来 PART
做 VERB
根据 ADP
主题 NOUN
的 PART
文档 NOUN
分类 NOUN
： PUNCT
基于 ADP
内容 NOUN
的 PART
方法 NOUN
以及 CCONJ
基于 ADP
请求 NOUN
的 PART
方法 NOUN
。 PUNCT"
Today's Outlook.,当今所观。,"Today NOUN
's PART
Outlook PROPN
. PUNCT
","当今 NOUN
所观 NOUN
。 PUNCT"
The Chinese of Romania are one of the smallest minorities of Romania.,罗马尼亚华人是罗马尼亚少数族群之一。,"The DET
Chinese PROPN
of ADP
Romania PROPN
are AUX
one NUM
of ADP
the DET
smallest ADJ
minorities NOUN
of ADP
Romania PROPN
. PUNCT
","罗马尼亚 PROPN
华人 NOUN
是 VERB
罗马尼亚 PROPN
少数 NUM
族群 NOUN
之一 NOUN
。 PUNCT"
Surrender to the Nation! shouted Westermann in German.,“向国家投降！” 约瑟夫·韦斯特曼用德文大喊。,"Surrender VERB
to ADP
the DET
Nation PROPN
! PUNCT
shouted VERB
Westermann PROPN
in ADP
German PROPN
. PUNCT
","“ PUNCT
向 ADP
国家 NOUN
投降 VERB
！ PUNCT
” PUNCT
约瑟夫·韦斯特曼 PROPN
用 ADP
德文 NOUN
大 ADV
喊 VERB
。 PUNCT"
According to materials published by the Ethiopian Central Statistical Agency the Awash River is 1200 kilometers long.,埃塞俄比亚中央统计局资料显示阿瓦什河全长1200公里。,"According VERB
to ADP
materials NOUN
published VERB
by ADP
the DET
Ethiopian PROPN
Central PROPN
Statistical PROPN
Agency PROPN
the DET
Awash PROPN
River PROPN
is AUX
1200 NUM
kilometers NOUN
long ADJ
. PUNCT
","埃塞俄比亚 PROPN
中央 NOUN
统计局 NOUN
资料 NOUN
显示 VERB
阿瓦什河 PROPN
全长 VERB
1200 NUM
公里 NUM
。 PUNCT"
After the Soviet occupation of Czechoslovakia (1968) he decided to stay in West Germany (1970).,苏联佔据捷克斯洛伐克 (1968年) 之后他决定留在德国 (1970年)。,"After ADP
the DET
Soviet ADJ
occupation NOUN
of ADP
Czechoslovakia PROPN
( PUNCT
1968 NUM
) PUNCT
he PRON
decided VERB
to PART
stay VERB
in ADP
West PROPN
Germany PROPN
( PUNCT
1970 NUM
) PUNCT
. PUNCT
","苏联 PROPN
佔据 NOUN
捷克斯洛伐克 VERB
( PUNCT
1968年 NOUN
) PROPN
之后 PART
他 PRON
决定 VERB
留在 VERB
德国 PROPN
( PUNCT
1970年 PROPN
) PROPN
。 PUNCT"
The story is set in modern Japan.,故事舞台设定在现代的日本。,"The DET
story NOUN
is AUX
set VERB
in ADP
modern ADJ
Japan PROPN
. PUNCT
","故事 NOUN
舞台 NOUN
设定 VERB
在 ADP
现代 NOUN
的 PART
日本 PROPN
。 PUNCT"
To increase their chances of finding the wreck the team employed a much more capable sonar device the Scripps Deep Tow.,"为了增加他们发现泰坦尼克号残骸的机会小队雇用了一件能力更强的声纳设施""Scripps Deep Tow""号。","To PART
increase VERB
their PRON
chances NOUN
of ADP
finding VERB
the DET
wreck NOUN
the DET
team NOUN
employed VERB
a DET
much ADV
more ADV
capable ADJ
sonar ADJ
device NOUN
the DET
Scripps PROPN
Deep PROPN
Tow PROPN
. PUNCT
","为了 ADP
增加 VERB
他们 PRON
发现 VERB
泰坦尼克号 PROPN
残骸 NOUN
的 PART
机会 NOUN
小队 ADV
雇用 VERB
了 PART
一 NUM
件 NUM
能力 NOUN
更 ADV
强 VERB
的 PART
声纳 ADJ
设施 NOUN
""Scripps NOUN
Deep VERB
Tow NOUN
""号 NOUN
。 PUNCT"
At the northern end of the bridge where it meets Princes Street in the New Town on the west side is the Balmoral Hotel originally built as the North British Hotel the North British Railway's hotel serving Waverley Station which lies below.,桥的北端是爱丁堡新城的王子街其西侧是巴尔莫勒尔饭店最初是北不列颠酒店北不列颠铁路公司的酒店 服务于毗邻的爱丁堡威瓦利站。,"At ADP
the DET
northern ADJ
end NOUN
of ADP
the DET
bridge NOUN
where SCONJ
it PRON
meets VERB
Princes PROPN
Street PROPN
in ADP
the DET
New PROPN
Town PROPN
on ADP
the DET
west PROPN
side NOUN
is AUX
the DET
Balmoral PROPN
Hotel PROPN
originally ADV
built VERB
as ADP
the DET
North ADJ
British ADJ
Hotel PROPN
the DET
North PROPN
British PROPN
Railway PROPN
's PART
hotel NOUN
serving VERB
Waverley PROPN
Station PROPN
which PRON
lies VERB
below ADV
. PUNCT
","桥 NOUN
的 PART
北端 NOUN
是 VERB
爱丁堡 PROPN
新城 PROPN
的 PART
王子街 PROPN
其 PRON
西侧 NOUN
是 VERB
巴尔莫勒尔 PROPN
饭店 NOUN
最初 ADV
是 VERB
北不列 PROPN
颠酒店 NOUN
北 NOUN
不列颠 PROPN
铁路 NOUN
公司 NOUN
的 PART
酒店 NOUN
服务 VERB
于 ADP
毗邻 VERB
的 PART
爱丁堡 PROPN
威瓦利站 PROPN
。 PUNCT"
Damage to the nearby Chinese embassy was also reported.,中国驻柏林使馆也收到了失踪的报告。,"Damage NOUN
to ADP
the DET
nearby ADJ
Chinese ADJ
embassy NOUN
was AUX
also ADV
reported VERB
. PUNCT
","中国 PROPN
驻柏 NOUN
林使馆 PROPN
也 ADV
收到 VERB
了 PART
失踪 ADJ
的 PART
报告 NOUN
。 PUNCT"
"Similarly the Austrian Penal Code of 1852 established that ""agreements ... to raise the price of a commodity ... to the disadvantage of the public should be punished as misdemeanours"".",同样地1852年奥地利刑法典亦规定“协议……用来提高商品价格……不利于公共利益者应处予轻罪。,"Similarly ADV
the DET
Austrian PROPN
Penal PROPN
Code PROPN
of ADP
1852 NUM
established VERB
that SCONJ
"" PUNCT
agreements NOUN
... PUNCT
to PART
raise VERB
the DET
price NOUN
of ADP
a DET
commodity NOUN
... PUNCT
to ADP
the DET
disadvantage NOUN
of ADP
the DET
public NOUN
should AUX
be AUX
punished VERB
as ADP
misdemeanours NOUN
"" PUNCT
. PUNCT
","同样 VERB
地 PART
1852年 NOUN
奥地 PROPN
利刑 NOUN
法典 NOUN
亦 ADV
规定 VERB
“ PUNCT
协议 NOUN
…… PUNCT
用来 VERB
提高 VERB
商品 NOUN
价格 NOUN
…… PUNCT
不利于 VERB
公共 ADJ
利益者 NOUN
应 VERB
处予 VERB
轻罪 NOUN
。 PUNCT"
Emmanuel Macron became President on 14 May 2017 succeeding François Hollande.,埃马纽埃尔·马克龙在2017年5月14日成为总统接替弗朗索瓦·奥朗德。,"Emmanuel PROPN
Macron PROPN
became VERB
President PROPN
on ADP
14 NUM
May PROPN
2017 NUM
succeeding VERB
François PROPN
Hollande PROPN
. PUNCT
","埃马纽埃尔·马克龙 PROPN
在 ADP
2017年 NOUN
5月 NOUN
14日 NOUN
成为 VERB
总统 NOUN
接替 VERB
弗朗 NOUN
索瓦·奥朗德 PROPN
。 PUNCT"
Over 6000 Nepalis have graduated from Russian and former Soviet universities as lawyers journalists doctors and engineers.,尼泊尔人来到俄罗斯是在苏联时期他们来苏联读书和接受训练大约超过6000位尼泊尔留学生从苏联各大学毕业成为律师新闻工作者、医生和工程师。,"Over ADP
6000 NUM
Nepalis PROPN
have AUX
graduated VERB
from ADP
Russian ADJ
and CCONJ
former ADJ
Soviet ADJ
universities NOUN
as SCONJ
lawyers NOUN
journalists VERB
doctors NOUN
and CCONJ
engineers NOUN
. PUNCT
","尼泊尔人 NOUN
来到 VERB
俄罗斯 PROPN
是 VERB
在 ADP
苏联 PROPN
时期 NOUN
他们 PRON
来 VERB
苏联 PROPN
读书 VERB
和 CCONJ
接受 VERB
训练 NOUN
大约 ADV
超过 VERB
6000 NUM
位 NUM
尼泊尔 PROPN
留学生 NOUN
从 ADP
苏联 PROPN
各 DET
大学 NOUN
毕业 VERB
成为 VERB
律师 NOUN
新闻 NOUN
工作者 NOUN
、 PUNCT
医生 NOUN
和 CCONJ
工程师 NOUN
。 PUNCT"
Most plants inherit the plastids from only one parent.,大多数植物的色素体都来自其中一个父母。,"Most ADJ
plants NOUN
inherit VERB
the DET
plastids NOUN
from ADP
only ADV
one NUM
parent NOUN
. PUNCT
","大多数 NUM
植物 NOUN
的 PART
色素 NOUN
体都 NOUN
来自 VERB
其中 NOUN
一个 NUM
父母 NOUN
。 PUNCT"
Banding features and outflow continued to develop as a ring of convection formed around the center of Fabian and on August 30 the storm intensified into a hurricane while gradually slowing its motion to the west-northwest.,带状特征和外流继续发展法比安的中心周围有环形对流形成到了8月30日飓风在逐渐减慢向西北偏西方向前进速度的过程中达到飓风强度。,"Banding ADJ
features NOUN
and CCONJ
outflow NOUN
continued VERB
to PART
develop VERB
as ADP
a DET
ring NOUN
of ADP
convection NOUN
formed VERB
around ADP
the DET
center NOUN
of ADP
Fabian PROPN
and CCONJ
on ADP
August PROPN
30 NUM
the DET
storm NOUN
intensified VERB
into ADP
a DET
hurricane NOUN
while SCONJ
gradually ADV
slowing VERB
its PRON
motion NOUN
to ADP
the DET
west NOUN
- PUNCT
northwest NOUN
. PUNCT
","带状 VERB
特征 NOUN
和 CCONJ
外流 NOUN
继续 VERB
发展 VERB
法 PROPN
比安 NOUN
的 PART
中心 NOUN
周围 NOUN
有 VERB
环形 ADJ
对流 NOUN
形成 VERB
到 VERB
了 PART
8月 NOUN
30日 NOUN
飓风 NOUN
在 ADP
逐渐 ADV
减慢 VERB
向 ADP
西北 NOUN
偏西 ADJ
方向 NOUN
前进 NOUN
速度 NOUN
的 PART
过程 NOUN
中 PART
达到 VERB
飓风 NOUN
强度 NOUN
。 PUNCT"
"After unsuccessfully pitching films that were ""too weird too obscure"" Eggers realized that he would have to make a more conventional film.",在不成功的拍摄“太奇怪”、“太模糊”的电影后艾格斯意识到他必须制作一个更传统的电影。,"After ADP
unsuccessfully ADV
pitching VERB
films NOUN
that PRON
were AUX
"" PUNCT
too ADV
weird ADJ
too ADV
obscure ADJ
"" PUNCT
Eggers NOUN
realized VERB
that SCONJ
he PRON
would AUX
have VERB
to PART
make VERB
a DET
more ADV
conventional ADJ
film NOUN
. PUNCT
","在 ADP
不 ADV
成功 VERB
的 PART
拍摄 VERB
“ PUNCT
太 ADV
奇怪 VERB
” PUNCT
、 PUNCT
“ PUNCT
太 ADV
模糊 VERB
” PUNCT
的 PART
电影 NOUN
后 PART
艾格斯 PROPN
意识 VERB
到 VERB
他 PRON
必须 VERB
制作 VERB
一个 ADV
更 ADV
传统 ADJ
的 PART
电影 NOUN
。 PUNCT"
A similar chart exists for the southern hemisphere.,类似的坐标图对南半球也存在。,"A DET
similar ADJ
chart NOUN
exists VERB
for ADP
the DET
southern ADJ
hemisphere NOUN
. PUNCT
","类似 VERB
的 PART
坐 VERB
标图 NOUN
对 ADP
南半球 NOUN
也 ADV
存在 VERB
。 PUNCT"
The mobile also stores the current LAC in the SIM card concatenating it to a list of recently used LACs.,移动设备同时也会将当前的位置区码（LAC）存储到SIM卡中将LAC添加到“最近使用过的LAC列表”的后面。,"The DET
mobile NOUN
also ADV
stores VERB
the DET
current ADJ
LAC PROPN
in ADP
the DET
SIM PROPN
card NOUN
concatenating VERB
it PRON
to ADP
a DET
list NOUN
of ADP
recently ADV
used VERB
LACs NOUN
. PUNCT
","移动 NOUN
设备 NOUN
同时 ADV
也 ADV
会 VERB
将 X
当前 NOUN
的 PART
位置 NOUN
区码 NOUN
（ PUNCT
LAC PROPN
） PUNCT
存储 VERB
到 VERB
SIM卡 NOUN
中将 PART
LAC添加 PROPN
到 VERB
“ PUNCT
最近 NOUN
使用 VERB
过 PART
的 PART
LAC列表 NOUN
” PUNCT
的 PART
后面 NOUN
。 PUNCT"
Pasechnik's father worked in law enforcement for the OBKhSS for 26 years.,” 帕斯特尔纳克的父亲在执法部门工作为乌克兰机密局为期26年。,"Pasechnik PROPN
's PART
father NOUN
worked VERB
in ADP
law NOUN
enforcement NOUN
for ADP
the DET
OBKhSS PROPN
for ADP
26 NUM
years NOUN
. PUNCT
","” PUNCT
帕斯特尔纳克 VERB
的 PART
父亲 NOUN
在 ADP
执法 ADJ
部门 NOUN
工作 VERB
为 ADP
乌克兰机 PROPN
密局 VERB
为期 VERB
26 NUM
年 NUM
。 PUNCT"
But I insist that not the handful of parasites but the mass itself is responsible for this horrible state of affairs.,但是我坚持不是少数的寄生虫而是大众自身应为这可怕的事态负责。,"But CCONJ
I PRON
insist VERB
that SCONJ
not PART
the DET
handful NOUN
of ADP
parasites NOUN
but CCONJ
the DET
mass NOUN
itself PRON
is AUX
responsible ADJ
for ADP
this DET
horrible ADJ
state NOUN
of ADP
affairs NOUN
. PUNCT
","但是 ADV
我 PRON
坚持 VERB
不是 ADV
少数 NUM
的 PART
寄生虫 NOUN
而是 ADV
大众 NOUN
自身 PRON
应为 ADP
这 DET
可怕 ADJ
的 PART
事态 NOUN
负责 VERB
。 PUNCT"
This also explains why CMEs and solar flares typically erupt from what are known as the active regions on the Sun where magnetic fields are much stronger on average.,这也解释了为什麽日冕物质抛射和闪焰通常会从太阳上磁场比平均要强的多被称为活跃区的活动区域爆发。,"This PRON
also ADV
explains VERB
why SCONJ
CMEs NOUN
and CCONJ
solar ADJ
flares NOUN
typically ADV
erupt VERB
from ADP
what PRON
are AUX
known VERB
as ADP
the DET
active ADJ
regions NOUN
on ADP
the DET
Sun PROPN
where SCONJ
magnetic ADJ
fields NOUN
are AUX
much ADV
stronger ADJ
on ADP
average ADJ
. PUNCT
","这 PRON
也 ADV
解释 VERB
了 PART
为什麽 PROPN
日冕 PROPN
物质 NOUN
抛射 NOUN
和 CCONJ
闪焰 NOUN
通常 ADV
会 VERB
从 ADP
太阳 NOUN
上 PART
磁场 PROPN
比 ADP
平均 ADV
要强 VERB
的 PART
多 ADV
被 X
称为 VERB
活跃区 NOUN
的 PART
活动 NOUN
区域 NOUN
爆发 VERB
。 PUNCT"
Historically Marxism came to Libya through bourgeois intellectuals who studied abroad and through Marxists from Italy what explains the Italian name of the party.,马克思主义通过留学国外的资本主义知识分子和来自意大利的马克思主义者被传播到利比亚。,"Historically ADV
Marxism PROPN
came VERB
to ADP
Libya PROPN
through ADP
bourgeois ADJ
intellectuals NOUN
who PRON
studied VERB
abroad ADV
and CCONJ
through ADP
Marxists PROPN
from ADP
Italy PROPN
what PRON
explains VERB
the DET
Italian ADJ
name NOUN
of ADP
the DET
party NOUN
. PUNCT
","马克思主义 NOUN
通过 ADP
留学 VERB
国外 NOUN
的 PART
资本主义 NOUN
知识分子 NOUN
和 CCONJ
来自 VERB
意大利 PROPN
的 PART
马克思主义者 NOUN
被 X
传播 VERB
到 VERB
利比亚 PROPN
。 PUNCT"
"He said that ""It is proving very difficult for have to have four organising committees four media centres and there are also financial considerations.""",他曾说：“对于一个拥有四个组委会和四个媒体中心以及一系列财政问题的执委会来说开展工作困难重重。,"He PRON
said VERB
that SCONJ
"" PUNCT
It PRON
is AUX
proving VERB
very ADV
difficult ADJ
for AUX
have VERB
to PART
have VERB
four NUM
organising VERB
committees NOUN
four NUM
media NOUN
centres NOUN
and CCONJ
there PRON
are VERB
also ADV
financial ADJ
considerations NOUN
. PUNCT
"" PUNCT
","他 PRON
曾 ADV
说 VERB
： PUNCT
“ PUNCT
对于 ADP
一个 DET
拥有 VERB
四 NUM
个 NUM
组委会 NOUN
和 CCONJ
四 NUM
个 NUM
媒体 NOUN
中心 NOUN
以及 CCONJ
一系列 NUM
财政 NOUN
问题 NOUN
的 PART
执委会 NOUN
来说 PART
开展 VERB
工作 NOUN
困难重重 VERB
。 PUNCT"
This decision is seen as having prevented a retaliatory nuclear attack based on erroneous data on the United States and its NATO allies which would have resulted in an immediate and irrevocable escalation of the cold-war stalemate to a full-scale nuclear war.,这个决定被视为阻止了基于美国及其北约盟国错误数据的报复性核攻击可能导致冷战僵局立即升级到一场全面的核战争。,"This DET
decision NOUN
is AUX
seen VERB
as ADP
having AUX
prevented VERB
a DET
retaliatory ADJ
nuclear ADJ
attack NOUN
based VERB
on ADP
erroneous ADJ
data NOUN
on ADP
the DET
United PROPN
States PROPN
and CCONJ
its PRON
NATO PROPN
allies NOUN
which PRON
would AUX
have AUX
resulted VERB
in ADP
an DET
immediate ADJ
and CCONJ
irrevocable ADJ
escalation NOUN
of ADP
the DET
cold ADJ
- PUNCT
war NOUN
stalemate NOUN
to ADP
a DET
full ADJ
- PUNCT
scale NOUN
nuclear ADJ
war NOUN
. PUNCT
","这个 DET
决定 NOUN
被 X
视为 VERB
阻止 VERB
了 PART
基于 ADP
美国 PROPN
及其 CCONJ
北约 PROPN
盟国 NOUN
错误 ADJ
数据 NOUN
的 PART
报复性 ADJ
核 NOUN
攻击 NOUN
可能 VERB
导致 VERB
冷战 NOUN
僵局 NOUN
立即 ADV
升级 VERB
到 VERB
一 NUM
场 NUM
全面 ADJ
的 PART
核战争 NOUN
。 PUNCT"
The area comprised large parts of present-day Belgium and the Netherlands as well as Luxembourg and parts of northern France.,这一区域包括今日的比利时和卢森堡的全部以及法国和德国北部的部分地区。,"The DET
area NOUN
comprised VERB
large ADJ
parts NOUN
of ADP
present ADJ
- PUNCT
day NOUN
Belgium PROPN
and CCONJ
the DET
Netherlands PROPN
as ADV
well ADV
as ADP
Luxembourg PROPN
and CCONJ
parts NOUN
of ADP
northern ADJ
France PROPN
. PUNCT
","这 DET
一 NUM
区域 NOUN
包括 VERB
今日 NOUN
的 PART
比利时 PROPN
和 CCONJ
卢森堡 PROPN
的 PART
全部 DET
以及 CCONJ
法国 PROPN
和 CCONJ
德国 PROPN
北部 NOUN
的 PART
部分 NUM
地区 NOUN
。 PUNCT"
"The term implies that the design team works in an environment that is ""clean"" or demonstrably uncontaminated by any knowledge of the proprietary techniques used by the competitor.",该术语意指设计团队在未使用竞争对手任何专有技术知识的“干净”或明显不受污染的环境中工作。,"The DET
term NOUN
implies VERB
that SCONJ
the DET
design NOUN
team NOUN
works VERB
in ADP
an DET
environment NOUN
that PRON
is AUX
"" PUNCT
clean ADJ
"" PUNCT
or CCONJ
demonstrably ADV
uncontaminated VERB
by ADP
any DET
knowledge NOUN
of ADP
the DET
proprietary ADJ
techniques NOUN
used VERB
by ADP
the DET
competitor NOUN
. PUNCT
","该 DET
术语 NOUN
意指 VERB
设计 NOUN
团队 NOUN
在 ADP
未 ADV
使用 VERB
竞争 NOUN
对手 NOUN
任何 DET
专有 NOUN
技术 NOUN
知识 NOUN
的 PART
“ PUNCT
干净 VERB
” PUNCT
或 CCONJ
明显 ADV
不 ADV
受 VERB
污染 NOUN
的 PART
环境 NOUN
中 PART
工作 VERB
。 PUNCT"
During filming of the first season of Sense8 the Wachowskis were shooting ten to fifteen pages a day which was much faster than the two to three pages a day pace they were used to on the typical large budget film.,《超感8人组》拍摄期间沃卓斯基姐妹每天完成10至15页剧本远远超过她们在常规大制作电影中的每天2-3页。,"During ADP
filming VERB
of ADP
the DET
first ADJ
season NOUN
of ADP
Sense8 PROPN
the DET
Wachowskis PROPN
were AUX
shooting VERB
ten NUM
to ADP
fifteen NUM
pages NOUN
a DET
day NOUN
which PRON
was AUX
much ADV
faster ADJ
than ADP
the DET
two NUM
to PART
three NUM
pages NOUN
a DET
day NOUN
pace NOUN
they PRON
were AUX
used VERB
to ADP
on ADP
the DET
typical ADJ
large ADJ
budget NOUN
film NOUN
. PUNCT
","《 PUNCT
超感 PROPN
8 NUM
人 NOUN
组 NOUN
》 PUNCT
拍摄 NOUN
期间 NOUN
沃卓斯基 PROPN
姐妹 NOUN
每天 ADV
完成 VERB
10 NUM
至 CCONJ
15 NUM
页 NUM
剧本 NOUN
远远 ADV
超过 VERB
她们 PRON
在 ADP
常规 ADJ
大 ADJ
制作 NOUN
电影 NOUN
中 PART
的 PART
每天 NOUN
2-3 NUM
页 NUM
。 PUNCT"
Currently the wine is transported from the vineyards by tanker trucks and the barcos rabelos are only used for racing and other displays.,目前使用油轮卡车将酒从种植园运到下游Barcos Rabelos仅仅用来竞技或展览。,"Currently ADV
the DET
wine NOUN
is AUX
transported VERB
from ADP
the DET
vineyards NOUN
by ADP
tanker NOUN
trucks NOUN
and CCONJ
the DET
barcos PROPN
rabelos PROPN
are AUX
only ADV
used VERB
for ADP
racing NOUN
and CCONJ
other ADJ
displays NOUN
. PUNCT
","目前 NOUN
使用 VERB
油轮 NOUN
卡车 NOUN
将 X
酒 NOUN
从 ADP
种植园 NOUN
运到 VERB
下游 NOUN
Barcos NOUN
Rabelos PROPN
仅仅 ADV
用来 VERB
竞技 NOUN
或 CCONJ
展览 NOUN
。 PUNCT"
The government's lawyers argued on the contrary that there was sensitive information in the article which was not in the public domain and which if published would harm arms control efforts.,与之相反政府一方的律师坚称文章中有不属于公有领域的敏感信息如果公布将会对防止核武器扩散构成不利影响。,"The DET
government NOUN
's PART
lawyers NOUN
argued VERB
on ADP
the DET
contrary NOUN
that SCONJ
there PRON
was VERB
sensitive ADJ
information NOUN
in ADP
the DET
article NOUN
which PRON
was AUX
not PART
in ADP
the DET
public ADJ
domain NOUN
and CCONJ
which PRON
if SCONJ
published VERB
would AUX
harm VERB
arms NOUN
control NOUN
efforts NOUN
. PUNCT
","与 ADP
之 PROPN
相反 ADJ
政府 NOUN
一方 NOUN
的 PART
律师 NOUN
坚称 VERB
文章 NOUN
中 PART
有 VERB
不 ADV
属于 VERB
公有 ADJ
领域 NOUN
的 PART
敏感 ADJ
信息 NOUN
如果 SCONJ
公布 VERB
将 ADV
会 VERB
对 ADP
防止 VERB
核武器 NOUN
扩散 NOUN
构成 VERB
不利 ADJ
影响 NOUN
。 PUNCT"
Fishel Shilsky aka Tateh: Ruth's father.,菲谢尔·希尔斯凯 Fishel Shilsky aka Tateh: 路德的爸爸。,"Fishel PROPN
Shilsky PROPN
aka ADP
Tateh PROPN
: PUNCT
Ruth PROPN
's PART
father NOUN
. PUNCT
","菲谢尔·希尔斯凯 PROPN
Fishel PROPN
Shilsky PROPN
aka NOUN
Tateh PROPN
: PUNCT
路德 PROPN
的 PART
爸爸 NOUN
。 PUNCT"
Premiering on October 9 1943 the production was staged by Igor Schwezoff with decor by Boris Aronson.,首演于1943年10月9日进行由伊戈尔·施维佐夫（Igor Schwezoff）改编鲍里斯·阿伦森（Boris Aronson）负责舞台布景。,"Premiering VERB
on ADP
October PROPN
9 NUM
1943 NUM
the DET
production NOUN
was AUX
staged VERB
by ADP
Igor PROPN
Schwezoff PROPN
with ADP
decor NOUN
by ADP
Boris PROPN
Aronson PROPN
. PUNCT
","首演 NOUN
于 ADP
1943年 NOUN
10月 NOUN
9日 NOUN
进行 VERB
由 ADP
伊戈尔·施维佐夫 PROPN
（ PUNCT
Igor NOUN
Schwezoff NOUN
） PUNCT
改编 VERB
鲍里斯·阿伦森 PROPN
（ PUNCT
Boris PROPN
Aronson NOUN
） PUNCT
负责 VERB
舞台 NOUN
布景 NOUN
。 PUNCT"
The game was initially developed exclusively for the Microsoft Windows and Xbox 360 platforms with the same level of dedication.,游戏最初是专为Microsoft Windows和Xbox 360平台开发工作量均等。,"The DET
game NOUN
was AUX
initially ADV
developed VERB
exclusively ADV
for ADP
the DET
Microsoft PROPN
Windows PROPN
and CCONJ
Xbox PROPN
360 NUM
platforms NOUN
with ADP
the DET
same ADJ
level NOUN
of ADP
dedication NOUN
. PUNCT
","游戏 NOUN
最初 ADV
是 VERB
专 ADV
为 VERB
Micros PROPN
of ADP
t VERB
Windows PROPN
和 CCONJ
Xbox PROPN
360 NUM
平台 NOUN
开发 VERB
工作量 NOUN
均等 NOUN
。 PUNCT"
A manuscript he sent to John Locke in which he disputed the existence of the Trinity was never published.,在他发给约翰·洛克的一个从未发表的手稿中他质疑了三位一体的存在性。,"A DET
manuscript NOUN
he PRON
sent VERB
to ADP
John PROPN
Locke PROPN
in ADP
which PRON
he PRON
disputed VERB
the DET
existence NOUN
of ADP
the DET
Trinity PROPN
was AUX
never ADV
published VERB
. PUNCT
","在 ADP
他 PRON
发给 VERB
约翰·洛克 PROPN
的 PART
一个 PART
从未 ADV
发表 VERB
的 PART
手稿 NOUN
中 PART
他 PRON
质疑 VERB
了 PART
三位一体 NUM
的 PART
存在性 NOUN
。 PUNCT"
Lithuanian names sounded obscure and unfamiliar to various chroniclers who altered them to sound more like names in their native language.,立陶宛语名字在各编年史作者耳中听来模糊不清比较陌生所以这些人对立陶宛语名字做出些许改动以使它们听来更像他们母语的名字。,"Lithuanian ADJ
names NOUN
sounded VERB
obscure ADJ
and CCONJ
unfamiliar ADJ
to ADP
various ADJ
chroniclers NOUN
who PRON
altered VERB
them PRON
to PART
sound VERB
more ADV
like ADP
names NOUN
in ADP
their PRON
native ADJ
language NOUN
. PUNCT
","立陶 PROPN
宛语 NOUN
名字 NOUN
在 ADP
各 DET
编年 VERB
史作者 NOUN
耳 NOUN
中 PART
听来 VERB
模糊不清 VERB
比较 ADV
陌生 VERB
所以 ADV
这些 DET
人 NOUN
对 ADP
立陶 PROPN
宛语 NOUN
名字 NOUN
做出 VERB
些许 NUM
改动 NOUN
以 PART
使 VERB
它们 PRON
听来 VERB
更 ADV
像 ADP
他们 PRON
母语 NOUN
的 PART
名字 NOUN
。 PUNCT"
In 2011 the film officially lost the involvement of Day-Lewis del Toro and García Bernal.,2011年本片正式失去戴-路易斯、狄奥·托罗和贾西亚·贝纳的参与。,"In ADP
2011 NUM
the DET
film NOUN
officially ADV
lost VERB
the DET
involvement NOUN
of ADP
Day PROPN
- PUNCT
Lewis PROPN
del ADP
Toro PROPN
and CCONJ
García PROPN
Bernal PROPN
. PUNCT
","2011年 NOUN
本片 NOUN
正式 ADV
失去 VERB
戴 VERB
- PUNCT
路易斯 PROPN
、 PUNCT
狄奥·托罗 PROPN
和 CCONJ
贾西亚·贝纳 PROPN
的 PART
参与 NOUN
。 PUNCT"
"The traditional ""father"" and ""mother"" roles of the nuclear family have become blurred over time.",随着时间的推移核心家庭中传统“父亲”和“母亲”角色的界限已经变得模糊。,"The DET
traditional ADJ
"" PUNCT
father NOUN
"" PUNCT
and CCONJ
"" PUNCT
mother NOUN
"" PUNCT
roles NOUN
of ADP
the DET
nuclear ADJ
family NOUN
have AUX
become AUX
blurred VERB
over ADP
time NOUN
. PUNCT
","随着 ADP
时间 NOUN
的 PART
推移 VERB
核心 NOUN
家庭 NOUN
中 PART
传统 NOUN
“ PUNCT
父亲 NOUN
” PUNCT
和 CCONJ
“ PUNCT
母亲 NOUN
” PUNCT
角色 NOUN
的 PART
界限 NOUN
已经 ADV
变得 VERB
模糊 VERB
。 PUNCT"
The family shared an interest in music and collected musical instruments.,一家人都对音乐感兴趣并收集了一些乐器。,"The DET
family NOUN
shared VERB
an DET
interest NOUN
in ADP
music NOUN
and CCONJ
collected VERB
musical ADJ
instruments NOUN
. PUNCT
","一家人 NOUN
都 ADV
对 ADP
音乐 NOUN
感兴趣 VERB
并 CCONJ
收集 VERB
了 PART
一些 NUM
乐器 NOUN
。 PUNCT"
"In his 2003 article Das Wiki-Prinzip: Tanz der Gehirne (""The Wiki principle: Dance of the brain"") he gives some background of Wikipedia and wikis as well as on what he sees as the benefits of the project ways to prevent vandalism to articles and the etiquette of Wikipedia users.",2003年在他的文章《Wiki的原则：大脑的舞蹈》（Das Wiki-Prinzip: Tanz der Gehirne）中他给出了维基百科和wiki的一些背景同时也阐述了他对该项目优点的了解、防止破坏条目的方法和维基百科用户的礼仪等观点。,"In ADP
his PRON
2003 NUM
article NOUN
Das PROPN
Wiki PROPN
- PUNCT
Prinzip PROPN
: PUNCT
Tanz PROPN
der NOUN
Gehirne PROPN
( PUNCT
"" PUNCT
The DET
Wiki PROPN
principle NOUN
: PUNCT
Dance NOUN
of ADP
the DET
brain NOUN
"" PUNCT
) PUNCT
he PRON
gives VERB
some DET
background NOUN
of ADP
Wikipedia PROPN
and CCONJ
wikis NOUN
as ADV
well ADV
as ADP
on ADP
what PRON
he PRON
sees VERB
as ADP
the DET
benefits NOUN
of ADP
the DET
project NOUN
ways NOUN
to PART
prevent VERB
vandalism NOUN
to ADP
articles NOUN
and CCONJ
the DET
etiquette NOUN
of ADP
Wikipedia PROPN
users NOUN
. PUNCT
","2003年 NOUN
在 ADP
他 PRON
的 PART
文章 NOUN
《 PUNCT
Wiki NOUN
的 PART
原则 NOUN
： PUNCT
大脑 NOUN
的 PART
舞蹈 NOUN
》 PUNCT
（ PUNCT
Das NOUN
Wiki NOUN
- PUNCT
Prinzip PROPN
: PUNCT
Tan NOUN
z NOUN
der NOUN
Gehirne PROPN
） PUNCT
中 PART
他 PRON
给出 VERB
了 PART
维基百科 VERB
和 CCONJ
wiki NOUN
的 PART
一些 NUM
背景 NOUN
同时 ADV
也 ADV
阐述 VERB
了 PART
他 PRON
对 ADP
该 DET
项目 NOUN
优点 VERB
的 PART
了解 NOUN
、 PUNCT
防止 VERB
破坏 NOUN
条目 NOUN
的 PART
方法 NOUN
和 CCONJ
维基 NOUN
百科用户 NUM
的 PART
礼仪 NOUN
等 PART
观点 NOUN
。 PUNCT"
In late 2008 Reuters reported the price of rat meat had quadrupled in Cambodia creating a hardship for the poor who could no longer afford it.,2008年底时路透社新闻曾报导：由于柬埔寨的鼠肉售价急升四倍令当地穷人无法再负担。,"In ADP
late ADJ
2008 NUM
Reuters PROPN
reported VERB
the DET
price NOUN
of ADP
rat NOUN
meat NOUN
had AUX
quadrupled VERB
in ADP
Cambodia PROPN
creating VERB
a DET
hardship NOUN
for ADP
the DET
poor ADJ
who PRON
could AUX
no ADV
longer ADV
afford VERB
it PRON
. PUNCT
","2008年 NOUN
底 PART
时 PART
路透社 PROPN
新闻 NOUN
曾 ADV
报导 VERB
： PUNCT
由于 ADP
柬埔寨 PROPN
的 PART
鼠肉 NOUN
售价 NOUN
急升 VERB
四 NUM
倍 NUM
令 VERB
当地 NOUN
穷人 NOUN
无法 ADV
再 ADV
负担 VERB
。 PUNCT"
Trangressions by either party are punished harshly.,但论战双方都已受到不小的伤害 。,"Trangressions NOUN
by ADP
either DET
party NOUN
are AUX
punished VERB
harshly ADV
. PUNCT
","但 ADV
论战 NOUN
双方 PRON
都 ADV
已 ADV
受到 VERB
不 ADV
小 VERB
的 PART
伤害 NOUN
。 PUNCT"
This enables forces to advance to new positions or to close with the enemy.,这使城邦们可以维持自身的自主性也可以与强盛的敌人对抗。,"This PRON
enables VERB
forces NOUN
to PART
advance VERB
to ADP
new ADJ
positions NOUN
or CCONJ
to PART
close VERB
with ADP
the DET
enemy NOUN
. PUNCT
","这 PRON
使 VERB
城邦们 NOUN
可以 VERB
维持 VERB
自身 PRON
的 PART
自主性 NOUN
也 ADV
可以 VERB
与 ADP
强盛 ADJ
的 PART
敌人 NOUN
对抗 VERB
。 PUNCT"
After the war the documents of the post and the railway were printed again as well as state forms bonds and lottery tickets.,战后邮局和铁路文件连同国家表格、公债和彩票再次得以印刷。,"After ADP
the DET
war NOUN
the DET
documents NOUN
of ADP
the DET
post NOUN
and CCONJ
the DET
railway NOUN
were AUX
printed VERB
again ADV
as ADV
well ADV
as ADP
state NOUN
forms NOUN
bonds NOUN
and CCONJ
lottery NOUN
tickets NOUN
. PUNCT
","战后 NOUN
邮局 NOUN
和 CCONJ
铁路 NOUN
文件 NOUN
连同 ADP
国家 NOUN
表格 NOUN
、 PUNCT
公债 NOUN
和 CCONJ
彩票 NOUN
再次 ADV
得以 VERB
印刷 NOUN
。 PUNCT"
In March 2007 Jameson was reportedly missing meetings with producers thus endangering the movie due to problems with a recent vaginoplasty.,2007年3月据说詹姆森因其最近阴道成形术的问题缺席与制片人的会议从而危及电影的拍摄。,"In ADP
March PROPN
2007 NUM
Jameson PROPN
was AUX
reportedly ADV
missing VERB
meetings NOUN
with ADP
producers NOUN
thus ADV
endangering VERB
the DET
movie NOUN
due ADP
to ADP
problems NOUN
with ADP
a DET
recent ADJ
vaginoplasty NOUN
. PUNCT
","2007年 NOUN
3月 NOUN
据说 ADV
詹姆森 NOUN
因 ADP
其 PRON
最近 NOUN
阴道 ADV
成 VERB
形术 VERB
的 PART
问题 NOUN
缺席 VERB
与 CCONJ
制片人 NOUN
的 PART
会议 NOUN
从而 ADV
危及 VERB
电影 NOUN
的 PART
拍摄 NOUN
。 PUNCT"
Observations made by a ground-based observer typically consist of time-tagged azimuth elevation range and/or range-rate values.,通常一位地基的观测者的观测资料包括时间标记、方位角、高度角、斜距和/或范围率值。,"Observations NOUN
made VERB
by ADP
a DET
ground NOUN
- PUNCT
based VERB
observer NOUN
typically ADV
consist VERB
of ADP
time NOUN
- PUNCT
tagged VERB
azimuth ADJ
elevation NOUN
range PROPN
and/or CCONJ
range NOUN
- PUNCT
rate NOUN
values NOUN
. PUNCT
","通常 ADJ
一 NUM
位 NUM
地基 NOUN
的 PART
观测者 NOUN
的 PART
观测 NOUN
资料 NOUN
包括 VERB
时间 NOUN
标记 VERB
、 PUNCT
方位角 PROPN
、 PUNCT
高度角 PROPN
、 PUNCT
斜距 NOUN
和 CCONJ
/ PUNCT
或 CCONJ
范围 NOUN
率值 VERB
。 PUNCT"
In January 2015 anti-terrorist operations against a group thought to be planning a second Charlie Hebdo shooting had included raids in Brussels and Zaventem.,2015年1月比利时发起反恐行动端掉一个策划在布鲁塞尔和扎芬特姆制造第二起查理周刊总部枪击案的团伙。,"In ADP
January PROPN
2015 NUM
anti ADJ
- ADJ
terrorist ADJ
operations NOUN
against ADP
a DET
group NOUN
thought VERB
to PART
be AUX
planning VERB
a DET
second ADJ
Charlie PROPN
Hebdo PROPN
shooting NOUN
had AUX
included VERB
raids NOUN
in ADP
Brussels PROPN
and CCONJ
Zaventem PROPN
. PUNCT
","2015年 NOUN
1月 NOUN
比利时 PROPN
发起 VERB
反恐 ADJ
行动 NOUN
端掉 VERB
一个 ADV
策划 VERB
在 ADP
布鲁塞尔 PROPN
和 CCONJ
扎芬 PROPN
特姆 NOUN
制造 VERB
第二 NUM
起 NUM
查理 VERB
周刊 NOUN
总部 NOUN
枪击案 NOUN
的 PART
团伙 NOUN
。 PUNCT"
He earned a Master of Fine Arts degree later at Yale School of Drama where he met fellow student and future wife Angela Bassett.,他后来在耶鲁大学戏剧学院（英语：Yale School of Drama）获得了艺术创作硕士学位且在那还认识了同学及他未来的妻子安琪拉·贝瑟。,"He PRON
earned VERB
a DET
Master PROPN
of ADP
Fine PROPN
Arts PROPN
degree NOUN
later ADV
at ADP
Yale PROPN
School PROPN
of ADP
Drama PROPN
where SCONJ
he PRON
met VERB
fellow ADJ
student NOUN
and CCONJ
future ADJ
wife NOUN
Angela PROPN
Bassett PROPN
. PUNCT
","他 PRON
后来 ADV
在 ADP
耶鲁 PROPN
大学 NOUN
戏剧 NOUN
学院 NOUN
（ PUNCT
英语 NOUN
： PUNCT
Yale NOUN
School PROPN
of ADP
Drama NOUN
） PUNCT
获得 VERB
了 PART
艺术 NOUN
创作 NOUN
硕士 NOUN
学位 NOUN
且 CCONJ
在 ADP
那 PRON
还 ADV
认识 VERB
了 PART
同学 NOUN
及 CCONJ
他 PRON
未来 NOUN
的 PART
妻子 NOUN
安琪拉·贝瑟 PROPN
。 PUNCT"
In a 2010 Space Foundation survey Shepard was ranked as the ninth most popular space hero (tied with astronauts Buzz Aldrin and Gus Grissom).,2010年非营利组织太空基金会（英语：Space Foundation）调查了美国公众心中最受欢迎的太空英雄谢泼德与巴兹·奥尔德林和维吉尔·格里森并列第九位。,"In ADP
a DET
2010 NUM
Space PROPN
Foundation PROPN
survey NOUN
Shepard PROPN
was AUX
ranked VERB
as ADP
the DET
ninth ADJ
most ADV
popular ADJ
space NOUN
hero NOUN
( PUNCT
tied VERB
with ADP
astronauts NOUN
Buzz PROPN
Aldrin PROPN
and CCONJ
Gus PROPN
Grissom PROPN
) PUNCT
. PUNCT
","2010年 NOUN
非 VERB
营利 NOUN
组织 NOUN
太空 NOUN
基金会 NOUN
（ PUNCT
英语 NOUN
： PUNCT
Space PROPN
Foundation NOUN
） PUNCT
调查 VERB
了 PART
美国 PROPN
公众 NOUN
心中 NOUN
最 ADV
受 VERB
欢迎 NOUN
的 PART
太空 NOUN
英雄 NOUN
谢泼德 PROPN
与 CCONJ
巴兹·奥尔德林 PROPN
和 CCONJ
维吉尔·格里森 PROPN
并列 VERB
第九 NUM
位 NOUN
。 PUNCT"
Pope Celestine V's life is the subject of the short story Brother of the Holy Ghost in Brendan Connell's short story collection The Life of Polycrates and Other Stories for Antiquated Children.,雷定五世的故事〈圣灵的兄弟〉是布伦丹·康奈尔的故事集《波利克拉的一生和其他童话》其中一篇短篇。,"Pope PROPN
Celestine PROPN
V PROPN
's PART
life NOUN
is AUX
the DET
subject NOUN
of ADP
the DET
short ADJ
story NOUN
Brother PROPN
of ADP
the DET
Holy PROPN
Ghost PROPN
in ADP
Brendan PROPN
Connell PROPN
's PART
short ADJ
story NOUN
collection NOUN
The DET
Life PROPN
of ADP
Polycrates PROPN
and CCONJ
Other ADJ
Stories PROPN
for ADP
Antiquated PROPN
Children PROPN
. PUNCT
","雷定 PROPN
五 NUM
世 NOUN
的 PART
故事 NOUN
〈 PUNCT
圣灵 NOUN
的 PART
兄弟 NOUN
〉 PUNCT
是 VERB
布伦丹·康奈尔 PROPN
的 PART
故事集 PROPN
《 PUNCT
波利克拉 PROPN
的 PART
一生 NOUN
和 CCONJ
其他 DET
童话 NOUN
》 PUNCT
其中 NOUN
一 NUM
篇 NUM
短篇 NOUN
。 PUNCT"
Whales from non-overlapping regions sing entirely different songs.,来自不相重迭区域的鲸唱的歌声基本单位完全不同。,"Whales NOUN
from ADP
non ADJ
- ADJ
overlapping ADJ
regions NOUN
sing VERB
entirely ADV
different ADJ
songs NOUN
. PUNCT
","来自 VERB
不 ADV
相重 VERB
迭 VERB
区域 NOUN
的 PART
鲸唱 NOUN
的 PART
歌声 NOUN
基本 ADJ
单位 NOUN
完全 ADV
不同 VERB
。 PUNCT"
He was raised in Washington D.C. where his father was stationed as a diplomat.,他出生在华盛顿特区他的父亲是一名外交官。,"He PRON
was AUX
raised VERB
in ADP
Washington PROPN
D.C. PROPN
where SCONJ
his PRON
father NOUN
was AUX
stationed VERB
as ADP
a DET
diplomat NOUN
. PUNCT
","他 PRON
出生 VERB
在 ADP
华盛顿 PROPN
特区 NOUN
他 PRON
的 PART
父亲 NOUN
是 VERB
一 NUM
名 NUM
外交官 NOUN
。 PUNCT"
It outlined three main thrusts namely to voice Gerakan's ideology policy position and advocate Malaysian solutions for various major issues to rebuild rebrand and re-empower the party at all levels and to regain people's confidence.,该党概述了三个重点即民政党的意识形态政策方向及倡导马来西亚各种重大问题的解决方案以重建重塑及重振党各阶层以重获人民的信任。,"It PRON
outlined VERB
three NUM
main ADJ
thrusts NOUN
namely ADV
to PART
voice VERB
Gerakan PROPN
's PART
ideology NOUN
policy NOUN
position NOUN
and CCONJ
advocate VERB
Malaysian ADJ
solutions NOUN
for ADP
various ADJ
major ADJ
issues NOUN
to PART
rebuild VERB
rebrand NOUN
and CCONJ
re NOUN
- NOUN
empower VERB
the DET
party NOUN
at ADP
all DET
levels NOUN
and CCONJ
to PART
regain VERB
people NOUN
's PART
confidence NOUN
. PUNCT
","该党 PROPN
概述 VERB
了 PART
三 NUM
个 NUM
重点 ADJ
即民 NOUN
政党 NOUN
的 PART
意识 NOUN
形态 NOUN
政策 NOUN
方向 NOUN
及 CCONJ
倡导 VERB
马来西亚 PROPN
各种 ADV
重大 ADJ
问题 NOUN
的 PART
解决 NOUN
方案 NOUN
以 ADP
重建 VERB
重塑 NOUN
及 CCONJ
重振党 NOUN
各 DET
阶层 NOUN
以 ADP
重 ADV
获 VERB
人民 NOUN
的 PART
信任 NOUN
。 PUNCT"
Available by annual subscription the magazine is read in over 140 countries by transport professionals and decision makers railway managers engineers consultants and suppliers to the rail industry.,该月刊以每年订阅一次提供给读者并且读者群来自超过全世界140个国家的运输业专业人士和决策者、铁路管理者、工程师、顾问和铁路业的供应商。,"Available ADJ
by ADP
annual ADJ
subscription NOUN
the DET
magazine NOUN
is AUX
read VERB
in ADP
over ADP
140 NUM
countries NOUN
by ADP
transport NOUN
professionals NOUN
and CCONJ
decision NOUN
makers NOUN
railway NOUN
managers NOUN
engineers VERB
consultants NOUN
and CCONJ
suppliers NOUN
to ADP
the DET
rail NOUN
industry NOUN
. PUNCT
","该 DET
月 NOUN
刊以 VERB
每年 ADV
订阅 VERB
一 NUM
次 NUM
提供 VERB
给 VERB
读者 NOUN
并且 CCONJ
读者群 NOUN
来自 VERB
超过 VERB
全世界 NOUN
140 NUM
个 NUM
国家 NOUN
的 PART
运输业 NOUN
专业 NOUN
人士 NOUN
和 CCONJ
决策者 NOUN
、 PUNCT
铁路 NOUN
管理者 NOUN
、 PUNCT
工程师 NOUN
、 PUNCT
顾问 NOUN
和 CCONJ
铁路业 NOUN
的 PART
供应商 NOUN
。 PUNCT"
Given permission to settle by local tribes after having killed a dangerous python they converted to Islam and married local women.,在杀了当地的危险杀人蟒蛇后得到当地部落许可定居于当地他们皈依伊斯兰教并和当地的妇女结婚。,"Given VERB
permission NOUN
to PART
settle VERB
by ADP
local ADJ
tribes NOUN
after ADP
having AUX
killed VERB
a DET
dangerous ADJ
python NOUN
they PRON
converted VERB
to ADP
Islam PROPN
and CCONJ
married VERB
local ADJ
women NOUN
. PUNCT
","在 ADP
杀 VERB
了 PART
当地 NOUN
的 PART
危险 NOUN
杀人 VERB
蟒蛇 VERB
后 PART
得到 VERB
当地 NOUN
部落 NOUN
许可 PROPN
定居于 NOUN
当地 NOUN
他们 PRON
皈依 VERB
伊斯兰 NOUN
教并 NOUN
和 CCONJ
当地 NOUN
的 PART
妇女 NOUN
结婚 NOUN
。 PUNCT"
On October 23 2002 the first world championship was held in Iidabashi Tokyo Japan over three days but this event was not counted as the first world championship.,2002年10月23日第一次为期三天的世界麻将锦标赛在日本东京饭田桥举行但是这次锦标赛并没有被认为是第一届世界麻将锦标赛。,"On ADP
October PROPN
23 NUM
2002 NUM
the DET
first ADJ
world NOUN
championship NOUN
was AUX
held VERB
in ADP
Iidabashi PROPN
Tokyo PROPN
Japan PROPN
over ADP
three NUM
days NOUN
but CCONJ
this DET
event NOUN
was AUX
not PART
counted VERB
as ADP
the DET
first ADJ
world NOUN
championship NOUN
. PUNCT
","2002年 NOUN
10月 NOUN
23日 NOUN
第一 NUM
次 NUM
为期 VERB
三 NUM
天 NUM
的 PART
世界 NOUN
麻将 NOUN
锦标赛 NOUN
在 ADP
日本 PROPN
东京 PROPN
饭田桥 PROPN
举行 VERB
但是 ADV
这次 ADV
锦标赛 NOUN
并没有 ADV
被 X
认为 VERB
是 VERB
第一 NUM
届 NUM
世界 NOUN
麻将 NOUN
锦标赛 NOUN
。 PUNCT"
Use of the .bit domain requires a copy of the Namecoin blockchain a supporting public DNS server or a web browser plug-in.,要使用.bit域名用户需要Namecoin区块链、支持该域名的DNS服务器或者是浏览器插件。,"Use PROPN
of ADP
the DET
.bit NOUN
domain NOUN
requires VERB
a DET
copy NOUN
of ADP
the DET
Namecoin PROPN
blockchain VERB
a DET
supporting VERB
public ADJ
DNS NOUN
server NOUN
or CCONJ
a DET
web NOUN
browser NOUN
plug NOUN
- PUNCT
in NOUN
. PUNCT
","要 VERB
使用 VERB
. PUNCT
bit域 PROPN
名 NOUN
用户 NOUN
需要 VERB
Namecoin区 PROPN
块链 VERB
、 PUNCT
支持 VERB
该 DET
域名 NOUN
的 PART
DNS NOUN
服务器 NOUN
或者是 CCONJ
浏览器 NOUN
插件 VERB
。 PUNCT"
Poles in Chicago have continued this tradition to the present day marking it with festivities and the annual Polish Constitution Day Parade; guests of national stature most notably Bobby Kennedy have attended over the years as a way to ingratiate themselves with Chicago Polonia.,芝加哥波兰人直到现在依然延续着这个传统并以节日庆典和每年一次的波兰宪法日游行来庆祝它；全美国的名人每年都要游说芝加哥波兰人其中最著名的就是肯尼迪。,"Poles PROPN
in ADP
Chicago PROPN
have AUX
continued VERB
this DET
tradition NOUN
to ADP
the DET
present ADJ
day NOUN
marking VERB
it PRON
with ADP
festivities NOUN
and CCONJ
the DET
annual ADJ
Polish PROPN
Constitution PROPN
Day PROPN
Parade PROPN
; PUNCT
guests NOUN
of ADP
national ADJ
stature NOUN
most ADV
notably ADV
Bobby PROPN
Kennedy PROPN
have AUX
attended VERB
over ADP
the DET
years NOUN
as ADP
a DET
way NOUN
to PART
ingratiate VERB
themselves PRON
with ADP
Chicago PROPN
Polonia PROPN
. PUNCT
","芝加哥 PROPN
波兰人 PROPN
直到 VERB
现在 NOUN
依然 ADV
延续 VERB
着 PART
这个 DET
传统 NOUN
并 ADV
以 ADP
节日 NOUN
庆典 NOUN
和 CCONJ
每年 ADJ
一 NUM
次 NUM
的 PART
波兰 PROPN
宪法 NOUN
日 PROPN
游行 NOUN
来 PART
庆祝 VERB
它 PRON
； PUNCT
全 DET
美国 PROPN
的 PART
名人 NOUN
每年 ADV
都 ADV
要 VERB
游说 VERB
芝加哥 PROPN
波兰人 PROPN
其中 NOUN
最 ADV
著名 VERB
的 PART
就是 ADV
肯尼迪 NOUN
。 PUNCT"
During the battle for the bridge the Syrian artillery pounded the city continuously which led to the death of tens of Zahliots while the Syrian Army lost about 50 men.,在争夺桥梁的战斗中叙利亚军队对城内发动了持续且猛烈的炮击导致数十名扎赫勒市民受伤而叙利亚军队在战斗中也损失了大约50名士兵。,"During ADP
the DET
battle NOUN
for ADP
the DET
bridge NOUN
the DET
Syrian ADJ
artillery NOUN
pounded VERB
the DET
city NOUN
continuously ADV
which PRON
led VERB
to ADP
the DET
death NOUN
of ADP
tens NOUN
of ADP
Zahliots PROPN
while SCONJ
the DET
Syrian ADJ
Army PROPN
lost VERB
about ADV
50 NUM
men NOUN
. PUNCT
","在 ADP
争夺 VERB
桥梁 NOUN
的 PART
战斗 NOUN
中 PART
叙利亚 PROPN
军队 NOUN
对 ADP
城内 NOUN
发动 VERB
了 PART
持续 VERB
且 CCONJ
猛烈 VERB
的 PART
炮击 NOUN
导致 VERB
数十 NUM
名 NUM
扎赫勒 PROPN
市民 NOUN
受伤 VERB
而 PART
叙利亚 PROPN
军队 NOUN
在 ADP
战斗 NOUN
中 PART
也 ADV
损失 VERB
了 PART
大约 ADV
50 NUM
名 NUM
士兵 NOUN
。 PUNCT"
This new company consisted of the majority interest in IDW and CTM Media Group.,这家新公司后来更名为IDW Media Holdings由IDW和CTM Media Group的多数股权组成。,"This DET
new ADJ
company NOUN
consisted VERB
of ADP
the DET
majority NOUN
interest NOUN
in ADP
IDW PROPN
and CCONJ
CTM PROPN
Media PROPN
Group PROPN
. PUNCT
","这家 DET
新 ADJ
公司 NOUN
后来 ADV
更名 VERB
为 VERB
IDW NOUN
Media PROPN
Holdings PROPN
由 ADP
IDW NOUN
和 CCONJ
CTM NOUN
Media PROPN
Group NOUN
的 PART
多数 NUM
股权 NOUN
组成 VERB
。 PUNCT"
Of particular importance is the cooperation between research and practice such as in the form of evaluation research to contribute to the continuous improvement of practice.,尤其重要的是研究与实践之间的合作例如评估研究的形式对持续改进实践的贡献。,"Of ADP
particular ADJ
importance NOUN
is AUX
the DET
cooperation NOUN
between ADP
research NOUN
and CCONJ
practice NOUN
such ADJ
as ADP
in ADP
the DET
form NOUN
of ADP
evaluation NOUN
research NOUN
to PART
contribute VERB
to ADP
the DET
continuous ADJ
improvement NOUN
of ADP
practice NOUN
. PUNCT
","尤其 ADV
重要 VERB
的 PART
是 VERB
研究 NOUN
与 CCONJ
实践 NOUN
之间 PART
的 PART
合作 NOUN
例如 ADV
评估 VERB
研究 NOUN
的 PART
形式 NOUN
对 ADP
持续 VERB
改进 VERB
实践 NOUN
的 PART
贡献 NOUN
。 PUNCT"
CELT was meant to bridge the gap between Vorbis and Speex for applications where both high quality audio and low delay are desired.,CELT旨在弥合Vorbis和Speex之间的差距适用于需要高质量音频和低延迟的应用。,"CELT PROPN
was AUX
meant VERB
to PART
bridge VERB
the DET
gap NOUN
between ADP
Vorbis PROPN
and CCONJ
Speex PROPN
for ADP
applications NOUN
where SCONJ
both CCONJ
high ADJ
quality NOUN
audio NOUN
and CCONJ
low ADJ
delay NOUN
are AUX
desired VERB
. PUNCT
","CELT旨 NOUN
在 ADP
弥合 VERB
Vorbis PROPN
和 CCONJ
Speex NOUN
之间 PART
的 PART
差距 NOUN
适用于 VERB
需要 VERB
高 ADJ
质量 NOUN
音频 NOUN
和 CCONJ
低 ADJ
延迟 NOUN
的 PART
应用 NOUN
。 PUNCT"
"Her collaboration with Hardwell on the track ""Apollo"" held the number one position on the Beatport Top 100.",此外她与“Hardwell”合作而成的“Apollo”一曲在“Beatport Top 100”音乐排行榜上亦曾位列第1位。,"Her PRON
collaboration NOUN
with ADP
Hardwell PROPN
on ADP
the DET
track NOUN
"" PUNCT
Apollo PROPN
"" PUNCT
held VERB
the DET
number NOUN
one NUM
position NOUN
on ADP
the DET
Beatport PROPN
Top PROPN
100 NUM
. PUNCT
","此外 ADV
她 PRON
与 ADP
“ PUNCT
Hardwell PROPN
” PUNCT
合作 VERB
而 PART
成 VERB
的 PART
“ PUNCT
Apollo PROPN
” PUNCT
一 NUM
曲 NOUN
在 ADP
“ PUNCT
Beatport PROPN
Top NOUN
100 NUM
” PUNCT
音乐 NOUN
排行榜 NOUN
上 PART
亦 ADV
曾 ADV
位列 VERB
第1 NUM
位 NUM
。 PUNCT"
Recognising this Rittel and Kunz developed a technique called Issue-Based Information System (IBIS) which facilitates documentation of the rationale behind a group decision in an objective manner.,Rittel和Kunz则基于这样的认知开发了一种称为问题基底资讯系统（Issue-Based Information SystemIBIS）的技术该技术有助于以客观的方式记录群体决策背后的原理及脉络。,"Recognising VERB
this DET
Rittel PROPN
and CCONJ
Kunz PROPN
developed VERB
a DET
technique NOUN
called VERB
Issue PROPN
- PUNCT
Based VERB
Information PROPN
System PROPN
( PUNCT
IBIS PROPN
) PUNCT
which PRON
facilitates VERB
documentation NOUN
of ADP
the DET
rationale NOUN
behind ADP
a DET
group NOUN
decision NOUN
in ADP
an DET
objective ADJ
manner NOUN
. PUNCT
","Rittel PROPN
和 CCONJ
Kunz PROPN
则 ADV
基于 ADP
这样 PRON
的 PART
认知 NOUN
开发 VERB
了 PART
一 NUM
种 NUM
称为 VERB
问题 NOUN
基底 ADJ
资讯 NOUN
系统 NOUN
（ PUNCT
Issue-Based ADV
Information PROPN
System NOUN
IBIS PROPN
） PUNCT
的 PART
技术 NOUN
该 DET
技术 NOUN
有助于 VERB
以 ADP
客观 VERB
的 PART
方式 NOUN
记录 VERB
群体 NOUN
决策 NOUN
背后 NOUN
的 PART
原理 NOUN
及 CCONJ
脉络 NOUN
。 PUNCT"