EN,FR,Good,POS EN,POS FR
She advanced to the semi-final where she defeated New Brunswick's Andrea Kelly.,Elle avança aux semi-finales où elle gagna sur l'équipe d'Andrea Kelly du Nouveau-Brunswick.,TRUE,"She PRON
advanced VERB
to ADP
the DET
semi ADJ
- ADJ
final ADJ
where SCONJ
she PRON
defeated VERB
New PROPN
Brunswick PROPN
's PART
Andrea PROPN
Kelly PROPN
. PUNCT
","Elle PRON
avança VERB
aux ADP
semi-finales ADJ
où PRON
elle PRON
gagna NOUN
sur ADP
l' DET
équipe NOUN
d' ADP
Andrea PROPN
Kelly PROPN
du ADP
Nouveau PROPN
- PROPN
Brunswick PROPN
. PUNCT"
In 2008 Davidson was elected to the Naismith Memorial Basketball Hall of Fame as a contributor for his successes as an owner of the Pistons and Shock.,En 2008 Davidson fut intronisé au Naismith Memorial Basketball Hall of Fame en tant que contributeur au titre de ses succès en tant que propriétaire des Pistons et des Shock.,TRUE,"In ADP
2008 NUM
Davidson PROPN
was AUX
elected VERB
to ADP
the DET
Naismith PROPN
Memorial PROPN
Basketball PROPN
Hall PROPN
of ADP
Fame PROPN
as ADP
a DET
contributor NOUN
for ADP
his PRON
successes NOUN
as ADP
an DET
owner NOUN
of ADP
the DET
Pistons PROPN
and CCONJ
Shock PROPN
. PUNCT
","En ADP
2008 NUM
Davidson PROPN
fut AUX
intronisé VERB
au ADP
Naismith PROPN
Memorial PROPN
Basketball PROPN
Hall PROPN
of PRON
Fame PROPN
en ADP
tant ADV
que SCONJ
contributeur DET
au ADP
titre NOUN
de ADP
ses DET
succès NOUN
en ADP
tant ADV
que SCONJ
propriétaire NOUN
des ADP
Pistons NOUN
et CCONJ
des ADP
Shock PROPN
. PUNCT"
Sterling raised in a poor family was a young adventurer with dreams of fame and fortune who decided to become a pirate.,Sterling élevé dans une famille pauvre était un jeune aventurier avec des rêves de gloire et de fortune qui décida de devenir un pirate.,TRUE,"Sterling NOUN
raised VERB
in ADP
a DET
poor ADJ
family NOUN
was AUX
a DET
young ADJ
adventurer NOUN
with ADP
dreams NOUN
of ADP
fame NOUN
and CCONJ
fortune NOUN
who PRON
decided VERB
to PART
become VERB
a DET
pirate NOUN
. PUNCT
","Sterling PROPN
élevé ADJ
dans ADP
une DET
famille NOUN
pauvre VERB
était AUX
un DET
jeune ADJ
aventurier ADJ
avec ADP
des DET
rêves NOUN
de ADP
gloire NOUN
et CCONJ
de ADP
fortune NOUN
qui PRON
décida VERB
de ADP
devenir VERB
un DET
pirate NOUN
. PUNCT"
He treated in a masterly manner (Bulletin astronomique 1889) the theory of the capture of comets by the larger planets and in this connection published his valuable Criterion for establishing the identity of a periodic comet whatever may have been the perturbations brought about in its orbit between successive appearances by the action of a planet.,Son traitement analytique de la capture des comètes dans l’orbite des grandes planètes (Bulletin astronomique 1889) a été saluée pour sa relative simplicité et son élégance : de ce travail il a formulé un critère de reconnaissance des comètes périodiques à partir des temps de retour successifs quelles que soient les perturbations de son orbite provoquées par les planètes.,TRUE,"He PRON
treated VERB
in ADP
a DET
masterly ADJ
manner NOUN
( PUNCT
Bulletin PROPN
astronomique ADJ
1889 NUM
) PUNCT
the DET
theory NOUN
of ADP
the DET
capture NOUN
of ADP
comets NOUN
by ADP
the DET
larger ADJ
planets NOUN
and CCONJ
in ADP
this DET
connection NOUN
published VERB
his PRON
valuable ADJ
Criterion PROPN
for ADP
establishing VERB
the DET
identity NOUN
of ADP
a DET
periodic ADJ
comet NOUN
whatever PRON
may AUX
have AUX
been AUX
the DET
perturbations NOUN
brought VERB
about ADP
in ADP
its PRON
orbit NOUN
between ADP
successive ADJ
appearances NOUN
by ADP
the DET
action NOUN
of ADP
a DET
planet NOUN
. PUNCT
","Son DET
traitement NOUN
analytique ADJ
de ADP
la DET
capture NOUN
des ADP
comètes NOUN
dans ADP
l’ SPACE
orbite VERB
des ADP
grandes ADJ
planètes NOUN
( PUNCT
Bulletin NOUN
astronomique ADJ
1889 NUM
) PUNCT
a AUX
été AUX
saluée VERB
pour ADP
sa DET
relative ADJ
simplicité NOUN
et CCONJ
son DET
élégance NOUN
: PUNCT
de ADP
ce DET
travail NOUN
il PRON
a AUX
formulé VERB
un DET
critère NOUN
de ADP
reconnaissance NOUN
des ADP
comètes NOUN
périodiques ADJ
à ADP
partir VERB
des DET
temps NOUN
de ADP
retour NOUN
successifs ADJ
quelles DET
que SCONJ
soient AUX
les DET
perturbations NOUN
de ADP
son DET
orbite NOUN
provoquées VERB
par ADP
les DET
planètes NOUN
. PUNCT"
On February 26 2007 The Walt Disney Company announced that four South American versions of the show were about to begin production: one for Argentina one for Colombia one for Ecuador and one for Brazil.,Le 26 février 2007 The Walt Disney Company annoncé la production de quatre adaptations en Amérique latine de la série : une en Argentine une en Colombie une en Equateur et une au Brésil.,TRUE,"On ADP
February PROPN
26 NUM
2007 NUM
The DET
Walt PROPN
Disney PROPN
Company PROPN
announced VERB
that SCONJ
four NUM
South ADJ
American ADJ
versions NOUN
of ADP
the DET
show NOUN
were AUX
about ADJ
to PART
begin VERB
production NOUN
: PUNCT
one NUM
for ADP
Argentina PROPN
one NUM
for ADP
Colombia PROPN
one NUM
for ADP
Ecuador PROPN
and CCONJ
one NUM
for ADP
Brazil PROPN
. PUNCT
","Le DET
26 NUM
février NOUN
2007 NUM
The X
Walt X
Disney PROPN
Company PROPN
annoncé VERB
la DET
production NOUN
de ADP
quatre NUM
adaptations NOUN
en ADP
Amérique PROPN
latine ADJ
de ADP
la DET
série NOUN
: PUNCT
une DET
en ADP
Argentine NOUN
une DET
en ADP
Colombie NOUN
une DET
en ADP
Equateur PROPN
et CCONJ
une DET
au ADP
Brésil PROPN
. PUNCT"
The Mizo National Famine Front a body formed for famine relief in 1959 later developed into a new political organisation the Mizo National Front (MNF) in 1961.,Le Front national Mizo de lutte contre la famine une organisation créée en 1959 pour venir en aide aux victimes de la famine s’est ensuite transformé en 1961 en une nouvelle organisation politique le Front national Mizo (Mizo National Front (en) ou MNF).,TRUE,"The DET
Mizo PROPN
National PROPN
Famine PROPN
Front PROPN
a DET
body NOUN
formed VERB
for ADP
famine NOUN
relief NOUN
in ADP
1959 NUM
later ADV
developed VERB
into ADP
a DET
new ADJ
political ADJ
organisation NOUN
the DET
Mizo PROPN
National PROPN
Front PROPN
( PUNCT
MNF PROPN
) PUNCT
in ADP
1961 NUM
. PUNCT
","Le DET
Front PROPN
national ADJ
Mizo NOUN
de ADP
lutte NOUN
contre ADP
la DET
famine NOUN
une DET
organisation NOUN
créée VERB
en ADP
1959 NUM
pour ADP
venir VERB
en ADP
aide NOUN
aux ADP
victimes NOUN
de ADP
la DET
famine NOUN
s’ AUX
est AUX
ensuite ADV
transformé VERB
en ADP
1961 NUM
en ADP
une DET
nouvelle ADJ
organisation NOUN
politique ADJ
le DET
Front NOUN
national ADJ
Mizo NOUN
( PUNCT
Mizo NOUN
National PROPN
Front PROPN
( PUNCT
en NOUN
) PUNCT
ou CCONJ
MNF NOUN
) PUNCT
. PUNCT"
If the five city levels are passed the player then faces a business competition with Trump.,Une fois les niveaux des cinq métropoles atteints le joueur entre en concurrence avec Trump.,TRUE,"If SCONJ
the DET
five NUM
city NOUN
levels NOUN
are AUX
passed VERB
the DET
player NOUN
then ADV
faces VERB
a DET
business NOUN
competition NOUN
with ADP
Trump PROPN
. PUNCT
","Une DET
fois NOUN
les DET
niveaux NOUN
des ADP
cinq NUM
métropoles NOUN
atteints VERB
le DET
joueur NOUN
entre ADP
en ADP
concurrence NOUN
avec ADP
Trump PROPN
. PUNCT"
Between locations in the Solar System the isotopic composition of argon varies greatly.,L'argon est remarquable parce que sa composition isotopique varie beaucoup entre diverses parties du système solaire.,TRUE,"Between ADP
locations NOUN
in ADP
the DET
Solar PROPN
System PROPN
the DET
isotopic ADJ
composition NOUN
of ADP
argon NOUN
varies VERB
greatly ADV
. PUNCT
","L' DET
argon NOUN
est AUX
remarquable ADJ
parce SCONJ
que SCONJ
sa DET
composition NOUN
isotopique ADJ
varie NOUN
beaucoup ADV
entre ADP
diverses ADJ
parties NOUN
du ADP
système NOUN
solaire ADJ
. PUNCT"
The root cause of our contemporary cultural poverty is intellectual dishonesty.,La source de notre pauvreté culturelle contemporaine est la mauvaise foi intellectuelle.,TRUE,"The DET
root NOUN
cause NOUN
of ADP
our PRON
contemporary ADJ
cultural ADJ
poverty NOUN
is AUX
intellectual ADJ
dishonesty NOUN
. PUNCT
","La DET
source NOUN
de ADP
notre DET
pauvreté NOUN
culturelle ADJ
contemporaine VERB
est AUX
la DET
mauvaise ADJ
foi NOUN
intellectuelle ADJ
. PUNCT"
"That's what is absent from Hollywood's interpretation.""",C'est ce qui manque dans l'interprétation d'Hollywood ».,TRUE,"That PRON
's AUX
what PRON
is AUX
absent ADJ
from ADP
Hollywood PROPN
's PART
interpretation NOUN
. PUNCT
"" PUNCT
","C' PRON
est AUX
ce PRON
qui PRON
manque VERB
dans ADP
l' DET
interprétation NOUN
d' ADP
Hollywood PROPN
» PUNCT
. PUNCT"
The area was belonged to the Guayos tribe.,La région était habitée par la tribe des Guayos.,TRUE,"The DET
area NOUN
was AUX
belonged VERB
to ADP
the DET
Guayos PROPN
tribe NOUN
. PUNCT
","La DET
région NOUN
était AUX
habitée VERB
par ADP
la DET
tribe NOUN
des ADP
Guayos NOUN
. PUNCT"
"He said that ""while the Lexicon in its current state is not a fair use of the Harry Potter works reference works that share the Lexicon's purpose of aiding readers of literature generally should be encouraged rather than stifled.""","Il a déclaré que ""alors que le Lexicon sous sa forme actuelle ne fait pas un usage raisonnable des œuvres Harry Potter les œuvres de référence qui partagent le but du Lexicon d'aider les lecteurs de littérature devraient de manière générale être encouragés plutôt que réprimés.""",TRUE,"He PRON
said VERB
that SCONJ
"" PUNCT
while SCONJ
the DET
Lexicon PROPN
in ADP
its PRON
current ADJ
state NOUN
is AUX
not PART
a DET
fair ADJ
use NOUN
of ADP
the DET
Harry PROPN
Potter PROPN
works VERB
reference NOUN
works NOUN
that PRON
share VERB
the DET
Lexicon PROPN
's PART
purpose NOUN
of ADP
aiding VERB
readers NOUN
of ADP
literature NOUN
generally ADV
should AUX
be AUX
encouraged VERB
rather ADV
than ADP
stifled VERB
. PUNCT
"" PUNCT
","Il PRON
a AUX
déclaré VERB
que SCONJ
alors ADV
que SCONJ
le DET
Lexicon PROPN
sous ADP
sa DET
forme NOUN
actuelle ADJ
ne ADV
fait VERB
pas ADV
un DET
usage NOUN
raisonnable ADJ
des ADP
œuvres NOUN
Harry PROPN
Potter VERB
les DET
œuvres NOUN
de ADP
référence NOUN
qui PRON
partagent VERB
le DET
but NOUN
du ADP
Lexicon NOUN
d' ADP
aider VERB
les DET
lecteurs NOUN
de ADP
littérature NOUN
devraient VERB
de ADP
manière NOUN
générale ADJ
être AUX
encouragés VERB
plutôt ADV
que SCONJ
réprimés VERB
. PUNCT"
After six months other possible candidates had also failed and Prospero Lambertini Archbishop of Bologna who had been a cardinal since 9 December 1726 was elected.,Après six mois d'élections infructueuses et l'élimination d'autres candidats potentiels Prospero Lambertini archevêque de Bologne qui était cardinal depuis le 9 décembre 1726 est élu pape.,TRUE,"After ADP
six NUM
months NOUN
other ADJ
possible ADJ
candidates NOUN
had AUX
also ADV
failed VERB
and CCONJ
Prospero PROPN
Lambertini PROPN
Archbishop PROPN
of ADP
Bologna PROPN
who PRON
had AUX
been AUX
a DET
cardinal NOUN
since SCONJ
9 NUM
December PROPN
1726 NUM
was AUX
elected VERB
. PUNCT
","Après ADP
six NUM
mois NOUN
d' ADP
élections NOUN
infructueuses ADJ
et CCONJ
l' DET
élimination NOUN
d' ADP
autres ADJ
candidats NOUN
potentiels ADJ
Prospero PROPN
Lambertini PROPN
archevêque ADJ
de ADP
Bologne PROPN
qui PRON
était AUX
cardinal ADJ
depuis ADP
le DET
9 NUM
décembre NOUN
1726 NUM
est AUX
élu PRON
pape ADJ
. PUNCT"
It acted ineffectively against a military intervention.,Il agit faiblement contre une intervention militaire.,TRUE,"It PRON
acted VERB
ineffectively ADV
against ADP
a DET
military ADJ
intervention NOUN
. PUNCT
","Il PRON
agit VERB
faiblement ADV
contre ADP
une DET
intervention NOUN
militaire ADJ
. PUNCT"
South Africa resumed official international cricket in 1991 with a short tour of India and participation in the 1992 Cricket World Cup in Australia and New Zealand.,L'Afrique du Sud fait son retour sur la scène internationale en 1991 lors d'une tournée en Inde puis lors de la Coupe du monde 1992 organisée en Australie et en Nouvelle-Zélande.,TRUE,"South PROPN
Africa PROPN
resumed VERB
official ADJ
international ADJ
cricket NOUN
in ADP
1991 NUM
with ADP
a DET
short ADJ
tour NOUN
of ADP
India PROPN
and CCONJ
participation NOUN
in ADP
the DET
1992 NUM
Cricket PROPN
World PROPN
Cup PROPN
in ADP
Australia PROPN
and CCONJ
New PROPN
Zealand PROPN
. PUNCT
","L' DET
Afrique PROPN
du ADP
Sud PROPN
fait VERB
son DET
retour NOUN
sur ADP
la DET
scène NOUN
internationale ADJ
en ADP
1991 NUM
lors ADV
d' ADP
une DET
tournée NOUN
en ADP
Inde PROPN
puis CCONJ
lors ADV
de ADP
la DET
Coupe NOUN
du ADP
monde NOUN
1992 NUM
organisée VERB
en ADP
Australie PROPN
et CCONJ
en ADP
Nouvelle PROPN
- PROPN
Zélande PROPN
. PUNCT"
Connected to Grand Central Terminal by an underground concourse it was trimmed in marble and furnished with Art Deco lighting fixtures and leather sofas.,Relié à Grand Central Terminal par un souterrain il a été taillé dans le marbre et meublé avec des luminaires Art déco et des canapés en cuir.,TRUE,"Connected VERB
to ADP
Grand PROPN
Central PROPN
Terminal PROPN
by ADP
an DET
underground ADJ
concourse NOUN
it PRON
was AUX
trimmed VERB
in ADP
marble NOUN
and CCONJ
furnished VERB
with ADP
Art PROPN
Deco PROPN
lighting NOUN
fixtures NOUN
and CCONJ
leather NOUN
sofas NOUN
. PUNCT
","Relié VERB
à ADP
Grand ADJ
Central NOUN
Terminal PROPN
par ADP
un DET
souterrain NOUN
il PRON
a AUX
été AUX
taillé VERB
dans ADP
le DET
marbre NOUN
et CCONJ
meublé VERB
avec ADP
des DET
luminaires NOUN
Art NOUN
déco PRON
et CCONJ
des ADP
canapés NOUN
en ADP
cuir NOUN
. PUNCT"
It contains 5 buildings.,Elle compte cinq bâtiments.,TRUE,"It PRON
contains VERB
5 NUM
buildings NOUN
. PUNCT
","Elle PRON
compte VERB
cinq NUM
bâtiments NOUN
. PUNCT"
The gang members decide to stand their ground and exact violent retribution by selecting a woman Maria (Maria Nazionale) as their next victim as her son has joined a clan of Secondigliano secessionists.,Le gang décide de se venger de la même manière en choisissant une femme Maria comme leur prochaine victime parce que son fils Simone a rejoint le clan des sécessionnistes.,TRUE,"The DET
gang NOUN
members NOUN
decide VERB
to PART
stand VERB
their PRON
ground NOUN
and CCONJ
exact VERB
violent ADJ
retribution NOUN
by ADP
selecting VERB
a DET
woman NOUN
Maria PROPN
( PUNCT
Maria PROPN
Nazionale PROPN
) PUNCT
as ADP
their PRON
next ADJ
victim NOUN
as SCONJ
her PRON
son NOUN
has AUX
joined VERB
a DET
clan NOUN
of ADP
Secondigliano PROPN
secessionists NOUN
. PUNCT
","Le DET
gang NOUN
décide VERB
de ADP
se PRON
venger VERB
de ADP
la DET
même ADJ
manière NOUN
en ADP
choisissant VERB
une DET
femme NOUN
Maria PROPN
comme ADP
leur DET
prochaine ADJ
victime ADJ
parce SCONJ
que SCONJ
son DET
fils NOUN
Simone NOUN
a AUX
rejoint VERB
le DET
clan NOUN
des ADP
sécessionnistes NOUN
. PUNCT"
Early photovoltaic systems output decreased as much as 10%/year but as of 2010 the median degradation rate was 0.5%/year with modules made after 2000 having a significantly lower degradation rate so that a system would lose only 12% of its output performance in 25 years.,La production des premiers systèmes photovoltaïques a diminué jusqu'à 10 % par an mais à partir de 2010 le taux de dégradation était de 05 % par an les modules fabriqués après 2000 ayant un taux de dégradation nettement inférieur de sorte qu'un système perdrait seulement 12 % de son rendement en 25 ans.,TRUE,"Early ADJ
photovoltaic ADJ
systems NOUN
output NOUN
decreased VERB
as ADV
much ADJ
as ADP
10%/year NOUN
but CCONJ
as ADP
of ADP
2010 NUM
the DET
median ADJ
degradation NOUN
rate NOUN
was AUX
0.5%/year VERB
with ADP
modules NOUN
made VERB
after ADP
2000 NUM
having VERB
a DET
significantly ADV
lower ADJ
degradation NOUN
rate NOUN
so SCONJ
that SCONJ
a DET
system NOUN
would AUX
lose VERB
only ADV
12 NUM
% NOUN
of ADP
its PRON
output NOUN
performance NOUN
in ADP
25 NUM
years NOUN
. PUNCT
","La DET
production NOUN
des ADP
premiers ADJ
systèmes NOUN
photovoltaïques ADJ
a AUX
diminué VERB
jusqu' ADP
à ADP
10 NUM
% NOUN
par ADP
an NOUN
mais CCONJ
à ADP
partir VERB
de ADP
2010 NUM
le DET
taux NOUN
de ADP
dégradation NOUN
était AUX
de ADP
05 NUM
% NOUN
par ADP
an NOUN
les DET
modules NOUN
fabriqués VERB
après ADP
2000 NUM
ayant VERB
un DET
taux NOUN
de ADP
dégradation NOUN
nettement ADV
inférieur ADJ
de ADP
sorte NOUN
qu' SCONJ
un DET
système NOUN
perdrait VERB
seulement ADV
12 NUM
% NOUN
de ADP
son DET
rendement NOUN
en ADP
25 NUM
ans NOUN
. PUNCT"
The Hannibal directive triggered instant aerial surveillance and airstrikes inside Lebanon to limit Hezbollah's ability to move the soldiers it had seized.,La directive Hannibal a déclenché la mise en place immédiate d'une surveillance et de frappes aériennes à l'intérieur du territoire libanais destinées à limiter la capacité du Hezbollah à déplacer les soldats qu'il avait capturés.,TRUE,"The DET
Hannibal PROPN
directive NOUN
triggered VERB
instant ADJ
aerial ADJ
surveillance NOUN
and CCONJ
airstrikes NOUN
inside ADP
Lebanon PROPN
to PART
limit VERB
Hezbollah PROPN
's PART
ability NOUN
to PART
move VERB
the DET
soldiers NOUN
it PRON
had AUX
seized VERB
. PUNCT
","La DET
directive NOUN
Hannibal PROPN
a AUX
déclenché VERB
la DET
mise NOUN
en ADP
place NOUN
immédiate ADJ
d' ADP
une DET
surveillance NOUN
et CCONJ
de ADP
frappes NOUN
aériennes ADJ
à ADP
l' DET
intérieur NOUN
du ADP
territoire NOUN
libanais ADJ
destinées VERB
à ADP
limiter VERB
la DET
capacité NOUN
du ADP
Hezbollah PROPN
à ADP
déplacer VERB
les DET
soldats NOUN
qu' PRON
il PRON
avait AUX
capturés VERB
. PUNCT"
1800 - Member of Parliament and Judge Pierre-Amable de Bonne presents a draft bill to create the Royal Institute on February 7.,1800 - Le 7 février Amable De Bonne juge et membre de l’Assemblée législative présente un projet de loi visant à créer l’Institut royal.,TRUE,"1800 NUM
- PUNCT
Member PROPN
of ADP
Parliament PROPN
and CCONJ
Judge PROPN
Pierre PROPN
- PUNCT
Amable PROPN
de PROPN
Bonne PROPN
presents VERB
a DET
draft NOUN
bill NOUN
to PART
create VERB
the DET
Royal PROPN
Institute PROPN
on ADP
February PROPN
7 NUM
. PUNCT
","1800 NUM
- PUNCT
Le DET
7 NUM
février NOUN
Amable ADJ
De ADP
Bonne ADJ
juge NOUN
et CCONJ
membre NOUN
de ADP
l’ SPACE
Assemblée NOUN
législative ADJ
présente VERB
un DET
projet NOUN
de ADP
loi NOUN
visant VERB
à ADP
créer VERB
l’ NOUN
Institut PROPN
royal VERB
. PUNCT"
He hoped that it would be the example for other NES games to follow when being ported to the Game Boy Color.,Il espérait de ce fait même que ce jeu donne l'exemple aux autres portages de jeux NES à venir sur Game Boy Color.,TRUE,"He PRON
hoped VERB
that SCONJ
it PRON
would AUX
be AUX
the DET
example NOUN
for SCONJ
other ADJ
NES PROPN
games NOUN
to PART
follow VERB
when SCONJ
being AUX
ported VERB
to ADP
the DET
Game PROPN
Boy PROPN
Color PROPN
. PUNCT
","Il PRON
espérait VERB
de ADP
ce DET
fait NOUN
même ADV
que SCONJ
ce DET
jeu NOUN
donne VERB
l' DET
exemple NOUN
aux ADP
autres ADJ
portages NOUN
de ADP
jeux NOUN
NES PROPN
à ADP
venir VERB
sur ADP
Game NOUN
Boy PROPN
Color PROPN
. PUNCT"
It has also been a partner of the Pôle France Voile in Brest since 2007 and works for the professional integration of former sportsmen and sportswomen.,Il est aussi partenaire du Pôle France Voile de Brest depuis 2007 et œuvre à l’insertion professionnelle des sportifs en reconversion.,TRUE,"It PRON
has AUX
also ADV
been AUX
a DET
partner NOUN
of ADP
the DET
Pôle PROPN
France PROPN
Voile PROPN
in ADP
Brest PROPN
since SCONJ
2007 NUM
and CCONJ
works VERB
for ADP
the DET
professional ADJ
integration NOUN
of ADP
former ADJ
sportsmen NOUN
and CCONJ
sportswomen NOUN
. PUNCT
","Il PRON
est AUX
aussi ADV
partenaire VERB
du ADP
Pôle NOUN
France PROPN
Voile ADJ
de ADP
Brest NOUN
depuis ADP
2007 NUM
et CCONJ
œuvre NOUN
à ADP
l’ NOUN
insertion NOUN
professionnelle ADJ
des ADP
sportifs NOUN
en ADP
reconversion NOUN
. PUNCT"
Business was largely halted for 10 days.,Pratiquement toute l’activité est paralysée pendant dix jours.,TRUE,"Business NOUN
was AUX
largely ADV
halted VERB
for ADP
10 NUM
days NOUN
. PUNCT
","Pratiquement PROPN
toute ADJ
l’ SPACE
activité NOUN
est AUX
paralysée VERB
pendant ADP
dix NUM
jours NOUN
. PUNCT"
In September 2018 it was announced that Ralph Fiennes and Harris Dickinson would star in the prequel.,En septembre 2018 Ralph Fiennes et Harris Dickinson rejoignent le projet..,TRUE,"In ADP
September PROPN
2018 NUM
it PRON
was AUX
announced VERB
that SCONJ
Ralph PROPN
Fiennes PROPN
and CCONJ
Harris PROPN
Dickinson PROPN
would AUX
star VERB
in ADP
the DET
prequel NOUN
. PUNCT
","En ADP
septembre NOUN
2018 NUM
Ralph PROPN
Fiennes PROPN
et CCONJ
Harris PROPN
Dickinson PROPN
rejoignent NOUN
le DET
projet NOUN
.. PUNCT"
After Bull Run Johnston assisted Beauregard and William Porcher Miles in the design and production of the Confederate Battle Flag.,Après Bull Run Johnston assiste Beauregard et William Porcher Miles dans le dessin et la production du drapeau de guerre confédéré.,TRUE,"After SCONJ
Bull PROPN
Run PROPN
Johnston PROPN
assisted VERB
Beauregard PROPN
and CCONJ
William PROPN
Porcher PROPN
Miles PROPN
in ADP
the DET
design NOUN
and CCONJ
production NOUN
of ADP
the DET
Confederate PROPN
Battle PROPN
Flag PROPN
. PUNCT
","Après ADP
Bull PROPN
Run PROPN
Johnston PROPN
assiste VERB
Beauregard PROPN
et CCONJ
William PROPN
Porcher X
Miles PROPN
dans ADP
le DET
dessin NOUN
et CCONJ
la DET
production NOUN
du ADP
drapeau NOUN
de ADP
guerre NOUN
confédéré ADJ
. PUNCT"
Early versions of airborne radar were fitted to Blenheims but had limited minimum and maximum range.,Des versions primitives du radar aéroporté sont aussi montées sur des Bristol Blenheim mais elles ont des portées minimales et maximales limitées.,TRUE,"Early ADJ
versions NOUN
of ADP
airborne ADJ
radar NOUN
were AUX
fitted VERB
to ADP
Blenheims PROPN
but CCONJ
had VERB
limited VERB
minimum ADJ
and CCONJ
maximum ADJ
range NOUN
. PUNCT
","Des DET
versions NOUN
primitives ADJ
du ADP
radar NOUN
aéroporté VERB
sont AUX
aussi ADV
montées VERB
sur ADP
des DET
Bristol NOUN
Blenheim PROPN
mais CCONJ
elles PRON
ont VERB
des DET
portées NOUN
minimales ADJ
et CCONJ
maximales NOUN
limitées VERB
. PUNCT"
In 2008 a large group of protesters including members of Movement 1389 and Protest gathered in front of HCHRS's office shouting abusive threats many aimed specifically at Sonja Biserko leaving a large cardboard swastika outside the building.,En 2008 un grand groupe de manifestants comprenant des membres du Mouvement 1389 et de Protest se sont rassemblés devant le bureau du HCHRS en criant des menaces de nombreuses visant spécifiquement Sonja Biserko laissant un grand carton avec une croix gammée à l’extérieur du bâtiment.,TRUE,"In ADP
2008 NUM
a DET
large ADJ
group NOUN
of ADP
protesters NOUN
including VERB
members NOUN
of ADP
Movement PROPN
1389 NUM
and CCONJ
Protest PROPN
gathered VERB
in ADP
front NOUN
of ADP
HCHRS PROPN
's PART
office NOUN
shouting VERB
abusive ADJ
threats NOUN
many ADJ
aimed VERB
specifically ADV
at ADP
Sonja PROPN
Biserko PROPN
leaving VERB
a DET
large ADJ
cardboard NOUN
swastika NOUN
outside ADP
the DET
building NOUN
. PUNCT
","En ADP
2008 NUM
un DET
grand ADJ
groupe NOUN
de ADP
manifestants NOUN
comprenant VERB
des ADP
membres NOUN
du ADP
Mouvement NOUN
1389 NUM
et CCONJ
de ADP
Protest PROPN
se PRON
sont AUX
rassemblés VERB
devant ADP
le DET
bureau NOUN
du ADP
HCHRS NOUN
en ADP
criant VERB
des DET
menaces NOUN
de ADP
nombreuses ADJ
visant VERB
spécifiquement ADV
Sonja PROPN
Biserko NOUN
laissant VERB
un DET
grand ADJ
carton NOUN
avec ADP
une DET
croix NOUN
gammée ADJ
à ADP
l’ NOUN
extérieur ADJ
du ADP
bâtiment NOUN
. PUNCT"
Bodies hosted by territorial police forces National Domestic Extremism and Disorder Intelligence Unit – A police unit that is part of the Metropolitan Police Service Specialist Operations Directorate tasked with coordinating police response to domestic extremism across the United Kingdom.,Organismes hébergés par les forces de police territoriales National Domestic Extremism and Disorder Intelligence Unit (en) – Unité de police qui fait partie de la direction des opérations du Metropolitan Police Service  chargée de coordonner la réponse de la police à l’extrémisme national à travers le Royaume-Uni.,TRUE,"Bodies NOUN
hosted VERB
by ADP
territorial ADJ
police NOUN
forces NOUN
National PROPN
Domestic PROPN
Extremism PROPN
and CCONJ
Disorder PROPN
Intelligence PROPN
Unit PROPN
– PUNCT
A DET
police NOUN
unit NOUN
that PRON
is AUX
part NOUN
of ADP
the DET
Metropolitan PROPN
Police PROPN
Service PROPN
Specialist PROPN
Operations PROPN
Directorate PROPN
tasked VERB
with ADP
coordinating VERB
police NOUN
response NOUN
to ADP
domestic ADJ
extremism NOUN
across ADP
the DET
United PROPN
Kingdom PROPN
. PUNCT
","Organismes NOUN
hébergés ADJ
par ADP
les DET
forces NOUN
de ADP
police NOUN
territoriales ADJ
National ADJ
Domestic PROPN
Extremism PROPN
and X
Disorder VERB
Intelligence PROPN
Unit PROPN
( PUNCT
en NOUN
) PUNCT
– NOUN
Unité NOUN
de ADP
police NOUN
qui PRON
fait VERB
partie NOUN
de ADP
la DET
direction NOUN
des ADP
opérations NOUN
du ADP
Metropolitan PROPN
Police PROPN
Service PROPN
  SPACE
chargée VERB
de ADP
coordonner VERB
la DET
réponse NOUN
de ADP
la DET
police NOUN
à ADP
l’ NOUN
extrémisme NOUN
national ADJ
à ADP
travers NOUN
le DET
Royaume PROPN
- PROPN
Uni PROPN
. PUNCT"
Taylor's influence is important when examining the ministry of Charles Grandison Finney the best known and most effective evangelist during the Second Great Awakening.,Taylor a été l'influence la plus importante sur Charles Grandison Finney l'un des évangélistes du second grand réveil les plus connus et les plus efficaces.,TRUE,"Taylor PROPN
's PART
influence NOUN
is AUX
important ADJ
when SCONJ
examining VERB
the DET
ministry NOUN
of ADP
Charles PROPN
Grandison PROPN
Finney PROPN
the DET
best ADV
known ADJ
and CCONJ
most ADV
effective ADJ
evangelist NOUN
during ADP
the DET
Second PROPN
Great PROPN
Awakening PROPN
. PUNCT
","Taylor PROPN
a AUX
été AUX
l' DET
influence NOUN
la DET
plus ADV
importante ADJ
sur ADP
Charles PROPN
Grandison PROPN
Finney PROPN
l' DET
un PRON
des ADP
évangélistes NOUN
du ADP
second ADJ
grand ADJ
réveil NOUN
les DET
plus ADV
connus ADJ
et CCONJ
les DET
plus ADV
efficaces ADJ
. PUNCT"
On 1 January 1559 the anonymous Beggars' Summons was posted on the doors of friaries threatening friars with eviction on the grounds that their property belonged to the genuine poor.,Janvier 1559 vit la publication par un auteur anonyme de la Sommation des mendiants qui menaçait d'expulser les moines sous le prétexte que leurs propriétés appartenaient aux véritables pauvres.,TRUE,"On ADP
1 NUM
January PROPN
1559 NUM
the DET
anonymous ADJ
Beggars PROPN
' PART
Summons NOUN
was AUX
posted VERB
on ADP
the DET
doors NOUN
of ADP
friaries NOUN
threatening VERB
friars NOUN
with ADP
eviction NOUN
on ADP
the DET
grounds NOUN
that SCONJ
their PRON
property NOUN
belonged VERB
to ADP
the DET
genuine ADJ
poor ADJ
. PUNCT
","Janvier NOUN
1559 NUM
vit VERB
la DET
publication NOUN
par ADP
un DET
auteur NOUN
anonyme ADJ
de ADP
la DET
Sommation NOUN
des ADP
mendiants NOUN
qui PRON
menaçait VERB
d' ADP
expulser VERB
les DET
moines NOUN
sous ADP
le DET
prétexte NOUN
que SCONJ
leurs DET
propriétés NOUN
appartenaient VERB
aux ADP
véritables ADJ
pauvres NOUN
. PUNCT"
Starting 2001 he became the referent in prehistoric archaeology of the Oriental division of the German Archaeological Institute and from 2007 was corresponding member of the Institute.,En 2001 il est devenu le référent en archéologie préhistorique de l'Institut Archéologique allemand et en 2007 est devenu membre correspondant de l'Institut.,TRUE,"Starting VERB
2001 NUM
he PRON
became VERB
the DET
referent NOUN
in ADP
prehistoric ADJ
archaeology NOUN
of ADP
the DET
Oriental ADJ
division NOUN
of ADP
the DET
German PROPN
Archaeological PROPN
Institute PROPN
and CCONJ
from ADP
2007 NUM
was AUX
corresponding VERB
member NOUN
of ADP
the DET
Institute PROPN
. PUNCT
","En ADP
2001 NUM
il PRON
est AUX
devenu VERB
le DET
référent NOUN
en ADP
archéologie NOUN
préhistorique ADJ
de ADP
l' DET
Institut PROPN
Archéologique PROPN
allemand ADJ
et CCONJ
en ADP
2007 NUM
est AUX
devenu VERB
membre NOUN
correspondant VERB
de ADP
l' DET
Institut PROPN
. PUNCT"
"For the 101 peasant characters in the film he created a registry consisting of 23 families and instructed the performers playing these roles to live and work as these ""families"" for the duration of shooting.",Pour les 101 personnages de paysans du film il créa un registre de 23 familles et demanda aux acteurs de vivre et travailler dans le cadre de ces « familles » pour toute la durée du tournage.,TRUE,"For ADP
the DET
101 NUM
peasant NOUN
characters NOUN
in ADP
the DET
film NOUN
he PRON
created VERB
a DET
registry NOUN
consisting VERB
of ADP
23 NUM
families NOUN
and CCONJ
instructed VERB
the DET
performers NOUN
playing VERB
these DET
roles NOUN
to PART
live VERB
and CCONJ
work VERB
as ADP
these DET
"" PUNCT
families NOUN
"" PUNCT
for ADP
the DET
duration NOUN
of ADP
shooting VERB
. PUNCT
","Pour ADP
les DET
101 NUM
personnages NOUN
de ADP
paysans NOUN
du ADP
film NOUN
il PRON
créa VERB
un DET
registre NOUN
de ADP
23 NUM
familles NOUN
et CCONJ
demanda VERB
aux ADP
acteurs NOUN
de ADP
vivre NOUN
et CCONJ
travailler VERB
dans ADP
le DET
cadre NOUN
de ADP
ces DET
« PUNCT
familles NOUN
» PUNCT
pour ADP
toute ADJ
la DET
durée NOUN
du ADP
tournage NOUN
. PUNCT"
The Razor syntax is a template markup syntax based on the C# programming language that enables the programmer to use an HTML construction workflow.,La syntaxe Razor est composée de balises de moteur de template basée sur le langage de programmation C# permettant au développeur de générer un flux HTML.,TRUE,"The DET
Razor PROPN
syntax NOUN
is AUX
a DET
template NOUN
markup PROPN
syntax NOUN
based VERB
on ADP
the DET
C PROPN
# NOUN
programming NOUN
language NOUN
that PRON
enables VERB
the DET
programmer NOUN
to PART
use VERB
an DET
HTML NOUN
construction NOUN
workflow NOUN
. PUNCT
","La DET
syntaxe NOUN
Razor ADJ
est AUX
composée VERB
de ADP
balises NOUN
de ADP
moteur NOUN
de ADP
template NOUN
basée VERB
sur ADP
le DET
langage NOUN
de ADP
programmation NOUN
C NOUN
# NOUN
permettant VERB
au ADP
développeur NOUN
de ADP
générer VERB
un DET
flux NOUN
HTML ADJ
. PUNCT"
At the time however there was some uncertainty over whether jet aircraft would be able to operate from the Royal Navy's aircraft carriers so it was decided to develop a naval version of the Spiteful to specification N.5/45 subsequently named Seafang.,Mais comme à cette époque il n'était pas certain que des appareils à réaction puissent opérer à partir des porte-avions de la Royal Navy il fut donc décidé de développer une version navalisée du Spiteful en accord avec le cahier des charges N.5/45.,TRUE,"At ADP
the DET
time NOUN
however ADV
there PRON
was VERB
some DET
uncertainty NOUN
over ADP
whether SCONJ
jet NOUN
aircraft NOUN
would AUX
be AUX
able ADJ
to PART
operate VERB
from ADP
the DET
Royal PROPN
Navy PROPN
's PART
aircraft NOUN
carriers NOUN
so SCONJ
it PRON
was AUX
decided VERB
to PART
develop VERB
a DET
naval ADJ
version NOUN
of ADP
the DET
Spiteful PROPN
to ADP
specification NOUN
N.5/45 NOUN
subsequently ADV
named VERB
Seafang PROPN
. PUNCT
","Mais CCONJ
comme ADP
à ADP
cette DET
époque NOUN
il PRON
n' ADV
était AUX
pas ADV
certain ADJ
que SCONJ
des DET
appareils NOUN
à ADP
réaction NOUN
puissent VERB
opérer VERB
à ADP
partir VERB
des DET
porte-avions NOUN
de ADP
la DET
Royal PROPN
Navy PROPN
il PRON
fut AUX
donc ADV
décidé VERB
de ADP
développer VERB
une DET
version NOUN
navalisée VERB
du ADP
Spiteful PROPN
en ADP
accord NOUN
avec ADP
le DET
cahier NOUN
des ADP
charges NOUN
N.5/45 ADJ
. PUNCT"
The division fought in the Ardennes inflicting on the 106th US Infantry Division the worst defeat suffered by U.S. forces in the ETO when over 8000 US soldiers surrendered to the volksgrenadiers.,La division a combattu dans les Ardennes et malgré un personnel non-aguerri s'est montrée particulièrement efficiente : elle inflige à la 106ème division d'infanterie américaine des pertes conséquentes lorsque plus de 8 000 soldats américains (deux régiments) se sont rendus aux volksgrenadiers.,TRUE,"The DET
division NOUN
fought VERB
in ADP
the DET
Ardennes PROPN
inflicting VERB
on ADP
the DET
106th ADJ
US PROPN
Infantry PROPN
Division PROPN
the DET
worst ADJ
defeat NOUN
suffered VERB
by ADP
U.S. PROPN
forces NOUN
in ADP
the DET
ETO PROPN
when SCONJ
over ADP
8000 NUM
US PROPN
soldiers NOUN
surrendered VERB
to ADP
the DET
volksgrenadiers NOUN
. PUNCT
","La DET
division NOUN
a AUX
combattu VERB
dans ADP
les DET
Ardennes NOUN
et CCONJ
malgré ADP
un DET
personnel NOUN
non-aguerri ADJ
s' PRON
est AUX
montrée VERB
particulièrement ADV
efficiente NOUN
: PUNCT
elle PRON
inflige VERB
à ADP
la DET
106ème ADJ
division NOUN
d' ADP
infanterie NOUN
américaine ADJ
des ADP
pertes NOUN
conséquentes ADJ
lorsque SCONJ
plus ADV
de ADP
8 DET
000 DET
soldats NOUN
américains ADJ
( PUNCT
deux NUM
régiments NOUN
) PUNCT
se PRON
sont AUX
rendus VERB
aux ADP
volksgrenadiers NOUN
. PUNCT

"
Naokatsu's lands had been taken from him in the interval by the Tokugawa shogunate and when his brother Naotaka assumed control of the area around Ōmi Province he was able to complete the castle by collecting stones from the former Sawayama Castle.,Dans l'intervalle les terres de Naokatsu lui ont été prises par le Shogunat Tokugawa et quand son frère Naotake prend le contrôle de la région autour de la province d'Ōmi il peut compléter le château en récupérant les pierres de l'ancien château de Sawayama.,TRUE,"Naokatsu PROPN
's PART
lands NOUN
had AUX
been AUX
taken VERB
from ADP
him PRON
in ADP
the DET
interval NOUN
by ADP
the DET
Tokugawa PROPN
shogunate NOUN
and CCONJ
when SCONJ
his PRON
brother NOUN
Naotaka PROPN
assumed VERB
control NOUN
of ADP
the DET
area NOUN
around ADP
Ōmi PROPN
Province PROPN
he PRON
was AUX
able ADJ
to PART
complete VERB
the DET
castle NOUN
by ADP
collecting VERB
stones NOUN
from ADP
the DET
former ADJ
Sawayama PROPN
Castle PROPN
. PUNCT
","Dans ADP
l' DET
intervalle NOUN
les DET
terres NOUN
de ADP
Naokatsu PROPN
lui PRON
ont AUX
été AUX
prises VERB
par ADP
le DET
Shogunat NOUN
Tokugawa PROPN
et CCONJ
quand SCONJ
son DET
frère NOUN
Naotake PROPN
prend VERB
le DET
contrôle NOUN
de ADP
la DET
région NOUN
autour ADV
de ADP
la DET
province NOUN
d' ADP
Ōmi NOUN
il PRON
peut VERB
compléter VERB
le DET
château NOUN
en ADP
récupérant VERB
les DET
pierres NOUN
de ADP
l' DET
ancien ADJ
château NOUN
de ADP
Sawayama PROPN
. PUNCT
"
At the start of the nineteenth century a wave of interest in ancient Egypt swept Europe giving rise to the discipline of Egyptology and drawing increasing numbers of visitors to the civilization's remains.,Mais au début du XIXe siècle une vague d'intérêt pour l'Égypte ancienne déferla sur l'Europe donnant naissance à la science de l'égyptologie et attirant un nombre croissant de visiteurs pour voir les restes de cette civilisation.,TRUE,"At ADP
the DET
start NOUN
of ADP
the DET
nineteenth ADJ
century NOUN
a DET
wave NOUN
of ADP
interest NOUN
in ADP
ancient ADJ
Egypt PROPN
swept VERB
Europe PROPN
giving VERB
rise NOUN
to ADP
the DET
discipline NOUN
of ADP
Egyptology PROPN
and CCONJ
drawing VERB
increasing VERB
numbers NOUN
of ADP
visitors NOUN
to ADP
the DET
civilization NOUN
's PART
remains NOUN
. PUNCT
","Mais CCONJ
au ADP
début NOUN
du ADP
XIXe ADJ
siècle NOUN
une DET
vague NOUN
d' ADP
intérêt NOUN
pour ADP
l' DET
Égypte PROPN
ancienne ADJ
déferla NOUN
sur ADP
l' DET
Europe PROPN
donnant VERB
naissance NOUN
à ADP
la DET
science NOUN
de ADP
l' DET
égyptologie NOUN
et CCONJ
attirant VERB
un DET
nombre NOUN
croissant VERB
de ADP
visiteurs NOUN
pour ADP
voir VERB
les DET
restes NOUN
de ADP
cette DET
civilisation NOUN
. PUNCT

"
The latter D. louvelii is not found outside of the park.,La dernière D.louvelii n'existe plus à l'extérieur du parc.,TRUE,"The DET
latter ADJ
D. PROPN
louvelii NOUN
is AUX
not PART
found VERB
outside ADV
of ADP
the DET
park NOUN
. PUNCT
","La DET
dernière ADJ
D.louvelii PROPN
n' ADV
existe VERB
plus ADV
à ADP
l' DET
extérieur NOUN
du ADP
parc NOUN
. PUNCT"
In differential geometry the Einstein tensor (named after Albert Einstein; also known as the trace-reversed Ricci tensor) is used to express the curvature of a pseudo-Riemannian manifold.,En géométrie différentielle le tenseur d'Einstein ainsi dénommé en l'honneur d'Albert Einstein est utilisé pour exprimer la courbure d'une variété pseudo-riemannienne.,TRUE,"In ADP
differential ADJ
geometry NOUN
the DET
Einstein PROPN
tensor NOUN
( PUNCT
named VERB
after ADP
Albert PROPN
Einstein PROPN
; PUNCT
also ADV
known VERB
as ADP
the DET
trace NOUN
- PUNCT
reversed VERB
Ricci PROPN
tensor NOUN
) PUNCT
is AUX
used VERB
to PART
express VERB
the DET
curvature NOUN
of ADP
a DET
pseudo ADJ
- ADJ
Riemannian ADJ
manifold NOUN
. PUNCT
","En ADP
géométrie NOUN
différentielle VERB
le DET
tenseur NOUN
d' ADP
Einstein PROPN
ainsi ADV
dénommé VERB
en ADP
l' DET
honneur NOUN
d' ADP
Albert PROPN
Einstein PROPN
est AUX
utilisé VERB
pour ADP
exprimer VERB
la DET
courbure NOUN
d' ADP
une DET
variété PROPN
pseudo-riemannienne ADJ
. PUNCT"
Othniel Charles Marsh discovered the first fossils of this bird in the 1870s.,Le grand spécialiste de dinosaures Othniel Charles Marsh identifia le premier les squelettes fossiles de ces oiseaux à la fin des années 1870.,TRUE,"Othniel PROPN
Charles PROPN
Marsh PROPN
discovered VERB
the DET
first ADJ
fossils NOUN
of ADP
this DET
bird NOUN
in ADP
the DET
1870s NOUN
. PUNCT
","Le DET
grand ADJ
spécialiste NOUN
de ADP
dinosaures NOUN
Othniel PROPN
Charles PROPN
Marsh PROPN
identifia VERB
le DET
premier ADJ
les DET
squelettes NOUN
fossiles ADJ
de ADP
ces DET
oiseaux NOUN
à ADP
la DET
fin NOUN
des ADP
années NOUN
1870 NUM
. PUNCT"
The fold trends follow more or less the pyrenean direction or parallel to the thrust fronts but turn NE-SW near the Segre River (e.g. the Oliana Anticline).,Les axes de plis suivent en général la direction pyrénéenne ou la direction du front des chevauchements mais tournent au NE/SO près du Segre (par exemple l'anticlinal d'Oliana).,TRUE,"The DET
fold ADJ
trends NOUN
follow VERB
more ADV
or CCONJ
less ADJ
the DET
pyrenean ADJ
direction NOUN
or CCONJ
parallel ADJ
to ADP
the DET
thrust ADJ
fronts NOUN
but CCONJ
turn VERB
NE PROPN
- PUNCT
SW PROPN
near ADP
the DET
Segre PROPN
River PROPN
( PUNCT
e.g. ADV
the DET
Oliana PROPN
Anticline PROPN
) PUNCT
. PUNCT
","Les DET
axes NOUN
de ADP
plis NOUN
suivent VERB
en ADP
général NOUN
la DET
direction NOUN
pyrénéenne ADJ
ou CCONJ
la DET
direction NOUN
du ADP
front NOUN
des ADP
chevauchements NOUN
mais CCONJ
tournent ADV
au ADP
NE PROPN
/ NOUN
SO NOUN
près ADV
du ADP
Segre PROPN
( PUNCT
par ADP
exemple NOUN
l' DET
anticlinal NOUN
d' ADP
Oliana PROPN
) PUNCT
. PUNCT"
Paisley had been linked in press reports to local property developer Seymour Sweeney when in 2007 Sweeney admitted that Paisley had lobbied on his behalf regarding plans for a private visitors' centre at the Giant's Causeway the only UNESCO World Heritage Site in Northern Ireland.,En 2007 Sweeney a admis que Paisley avait fait du lobbying en sa faveur pour un projet de centre des visiteurs à la Chaussée des Géants classé Patrimoine Mondial de l'UNESCO dans le Nord de l'Irlande.,TRUE,"Paisley PROPN
had AUX
been AUX
linked VERB
in ADP
press NOUN
reports NOUN
to ADP
local ADJ
property NOUN
developer NOUN
Seymour PROPN
Sweeney PROPN
when SCONJ
in ADP
2007 NUM
Sweeney PROPN
admitted VERB
that SCONJ
Paisley PROPN
had AUX
lobbied VERB
on ADP
his PRON
behalf NOUN
regarding VERB
plans NOUN
for ADP
a DET
private ADJ
visitors NOUN
' PART
centre NOUN
at ADP
the DET
Giant PROPN
's PART
Causeway PROPN
the DET
only ADJ
UNESCO PROPN
World PROPN
Heritage PROPN
Site PROPN
in ADP
Northern PROPN
Ireland PROPN
. PUNCT
","En ADP
2007 NUM
Sweeney NOUN
a AUX
admis VERB
que SCONJ
Paisley PROPN
avait AUX
fait VERB
du ADP
lobbying NOUN
en ADP
sa DET
faveur NOUN
pour ADP
un DET
projet NOUN
de ADP
centre NOUN
des ADP
visiteurs NOUN
à ADP
la DET
Chaussée NOUN
des ADP
Géants NOUN
classé VERB
Patrimoine NOUN
Mondial ADJ
de ADP
l' DET
UNESCO NOUN
dans ADP
le DET
Nord NOUN
de ADP
l' DET
Irlande NOUN
. PUNCT

"
Although the Royal Netherlands Navy intervened—the torpedo boats Z5 and TM 51 attacked the Willemsbrug and later the destroyer HNLMS Van Galen sailed up the Nieuwe Waterweg to bombard the airfield at short range—this only resulted in the Van Galen foundering after being bombed.,Bien que la Marine royale néerlandaise soit intervenue d'abord avec les torpilleurs Z5 et TM 51 qui attaquèrent le Willemsburg et que le destroyer Hr.Ms. van Galen (nl) voguait sur la Nieuwe Waterweg pour bombarder l'aéroport à courte distance cela ne conduisit qu'au naufrage du Van Galen après avoir été bombardé.,TRUE,"Although SCONJ
the DET
Royal PROPN
Netherlands PROPN
Navy PROPN
intervened VERB
— PUNCT
the DET
torpedo NOUN
boats VERB
Z5 PROPN
and CCONJ
TM PROPN
51 NUM
attacked VERB
the DET
Willemsbrug PROPN
and CCONJ
later ADV
the DET
destroyer NOUN
HNLMS PROPN
Van PROPN
Galen PROPN
sailed VERB
up ADP
the DET
Nieuwe PROPN
Waterweg PROPN
to PART
bombard VERB
the DET
airfield NOUN
at ADP
short ADJ
range NOUN
— PUNCT
this PRON
only ADV
resulted VERB
in ADP
the DET
Van PROPN
Galen PROPN
foundering NOUN
after ADP
being AUX
bombed VERB
. PUNCT
","Bien ADV
que SCONJ
la DET
Marine PROPN
royale ADJ
néerlandaise VERB
soit AUX
intervenue VERB
d' ADP
abord ADV
avec ADP
les DET
torpilleurs NOUN
Z5 PRON
et CCONJ
TM NOUN
51 NUM
qui PRON
attaquèrent VERB
le DET
Willemsburg PROPN
et CCONJ
que SCONJ
le DET
destroyer VERB
Hr PROPN
. PUNCT
Ms PRON
. PUNCT
van SPACE
Galen PROPN
( PUNCT
nl NOUN
) PUNCT
voguait VERB
sur ADP
la DET
Nieuwe NOUN
Waterweg PROPN
pour ADP
bombarder VERB
l' DET
aéroport NOUN
à ADP
courte ADJ
distance NOUN
cela PRON
ne ADV
conduisit VERB
qu' SCONJ
au ADP
naufrage NOUN
du ADP
Van NOUN
Galen PROPN
après ADP
avoir AUX
été AUX
bombardé VERB
. PUNCT"
At Delft University he formed a team with Bas Lansdorp that worked on developing kites that could retrieve energy from the sky.,C'est à l'Université de Delft qu'il a formé avec Bas Lansdorp une équipe chargée de développer des cerfs-volants capables de récupérer l'énergie du vent.,TRUE,"At ADP
Delft PROPN
University PROPN
he PRON
formed VERB
a DET
team NOUN
with ADP
Bas PROPN
Lansdorp PROPN
that PRON
worked VERB
on ADP
developing VERB
kites NOUN
that PRON
could AUX
retrieve VERB
energy NOUN
from ADP
the DET
sky NOUN
. PUNCT
","C' PRON
est VERB
à ADP
l' DET
Université NOUN
de ADP
Delft PROPN
qu' PRON
il PRON
a AUX
formé VERB
avec ADP
Bas PROPN
Lansdorp PROPN
une DET
équipe NOUN
chargée VERB
de ADP
développer VERB
des DET
cerfs NOUN
- NOUN
volants NOUN
capables ADJ
de ADP
récupérer VERB
l' DET
énergie NOUN
du ADP
vent NOUN
. PUNCT"
In 1861 Edward Lartet showed evidence that humans had coexisted with extinct quaternary animals whose bones had cut marks on them and subsequently the existence of cave paintings at Les Eyzies and La Madeleine.,En 1861 Edouard Lartet produisit les preuves de ce que l’Homme avait coexisté avec des animaux quaternaires aujourd’hui éteints dont les ossements trouvés présentent des entailles et révéla ensuite l’existence de peintures dans les cavernes des Eyzies et de la Madeleine.,TRUE,"In ADP
1861 NUM
Edward PROPN
Lartet PROPN
showed VERB
evidence NOUN
that SCONJ
humans NOUN
had AUX
coexisted VERB
with ADP
extinct ADJ
quaternary ADJ
animals NOUN
whose DET
bones NOUN
had AUX
cut VERB
marks NOUN
on ADP
them PRON
and CCONJ
subsequently ADV
the DET
existence NOUN
of ADP
cave NOUN
paintings NOUN
at ADP
Les PROPN
Eyzies PROPN
and CCONJ
La PROPN
Madeleine PROPN
. PUNCT
","En ADP
1861 NUM
Edouard PROPN
Lartet PROPN
produisit VERB
les DET
preuves NOUN
de ADP
ce PRON
que SCONJ
l’ NOUN
Homme NOUN
avait AUX
coexisté VERB
avec ADP
des DET
animaux NOUN
quaternaires NOUN
aujourd’hui ADV
éteints ADJ
dont PRON
les DET
ossements NOUN
trouvés VERB
présentent VERB
des DET
entailles NOUN
et CCONJ
révéla VERB
ensuite ADV
l’ PUNCT
existence NOUN
de ADP
peintures NOUN
dans ADP
les DET
cavernes NOUN
des ADP
Eyzies NOUN
et CCONJ
de ADP
la DET
Madeleine PROPN
. PUNCT"
As of August 8 transported by truck into the region Verdun; work.,À partir du 8 août transport par camions dans la région de Verdun ; travaux.,TRUE,"As ADP
of ADP
August PROPN
8 NUM
transported VERB
by ADP
truck NOUN
into ADP
the DET
region NOUN
Verdun PROPN
; PUNCT
work NOUN
. PUNCT
","À ADP
partir VERB
du ADP
8 NUM
août NOUN
transport NOUN
par ADP
camions NOUN
dans ADP
la DET
région NOUN
de ADP
Verdun PROPN
; PUNCT
travaux NOUN
. PUNCT"
Suchet attacked the Spanish army in the Battle of Alcañiz on 23 May 1809.,Prenant l'offensive Suchet attaque l'armée espagnole lors de la bataille d'Alcañiz le 23 mai 1809.,TRUE,"Suchet PROPN
attacked VERB
the DET
Spanish ADJ
army NOUN
in ADP
the DET
Battle PROPN
of ADP
Alcañiz PROPN
on ADP
23 NUM
May PROPN
1809 NUM
. PUNCT
","Prenant ADV
l' DET
offensive NOUN
Suchet PROPN
attaque VERB
l' DET
armée NOUN
espagnole ADJ
lors ADV
de ADP
la DET
bataille NOUN
d' ADP
Alcañiz PROPN
le DET
23 NUM
mai NOUN
1809 NUM
. PUNCT"
For example the 1888 stone barracks contains a museum with artifacts from different time periods in the fort's history and visitors can tour the reconstructed trading post and an interpretive archaeological site.,Par exemple les baraquements en pierres de 1888 contiennent un musée avec des objets anciens des différentes périodes de l'histoire du fort et les visiteurs peuvent voir le poste de traite reconstitué et un site archéologique d'interprétation.,TRUE,"For ADP
example NOUN
the DET
1888 NUM
stone NOUN
barracks NOUN
contains VERB
a DET
museum NOUN
with ADP
artifacts NOUN
from ADP
different ADJ
time NOUN
periods NOUN
in ADP
the DET
fort NOUN
's PART
history NOUN
and CCONJ
visitors NOUN
can AUX
tour VERB
the DET
reconstructed ADJ
trading NOUN
post NOUN
and CCONJ
an DET
interpretive ADJ
archaeological ADJ
site NOUN
. PUNCT
","Par ADP
exemple NOUN
les DET
baraquements NOUN
en ADP
pierres NOUN
de ADP
1888 NUM
contiennent VERB
un DET
musée NOUN
avec ADP
des DET
objets NOUN
anciens ADJ
des ADP
différentes ADJ
périodes NOUN
de ADP
l' DET
histoire NOUN
du ADP
fort NOUN
et CCONJ
les DET
visiteurs NOUN
peuvent VERB
voir VERB
le DET
poste NOUN
de ADP
traite NOUN
reconstitué VERB
et CCONJ
un DET
site NOUN
archéologique ADJ
d' ADP
interprétation NOUN
. PUNCT"
The Xplorair is a project of compact VTOL aircraft without rotating airfoil from aerospace engineer Michel Aguilar funded by the French Armed Forces procurement agency DGA and supported by various European aeronautics firms such as Dassault Systèmes EADS Innovation Works MBDA Altran Technologies Sogeti Turbomeca COMAT Aerospace and the Institut Pprime.,L'Xplorair est un projet d'aéronef à décollage et atterrissage verticaux sans voilure tournante de l'ingénieur aéronautique Michel Aguilar financé par la DGA et la DGCIS et soutenu par de multiples partenaires français du secteur aéronautique et spatial tels que Dassault Systèmes EADS Innovation Works MBDA Altran Technologies Sogeti Turbomeca COMAT Aerospace et l'Institut Pprime.,TRUE,"The DET
Xplorair PROPN
is AUX
a DET
project NOUN
of ADP
compact ADJ
VTOL PROPN
aircraft NOUN
without ADP
rotating VERB
airfoil NOUN
from ADP
aerospace NOUN
engineer NOUN
Michel PROPN
Aguilar PROPN
funded VERB
by ADP
the DET
French PROPN
Armed PROPN
Forces PROPN
procurement NOUN
agency NOUN
DGA PROPN
and CCONJ
supported VERB
by ADP
various ADJ
European ADJ
aeronautics NOUN
firms NOUN
such ADJ
as ADP
Dassault PROPN
Systèmes PROPN
EADS PROPN
Innovation PROPN
Works PROPN
MBDA NOUN
Altran PROPN
Technologies PROPN
Sogeti PROPN
Turbomeca PROPN
COMAT PROPN
Aerospace PROPN
and CCONJ
the DET
Institut PROPN
Pprime PROPN
. PUNCT
","L' DET
Xplorair NOUN
est AUX
un DET
projet NOUN
d' ADP
aéronef NOUN
à ADP
décollage NOUN
et CCONJ
atterrissage NOUN
verticaux ADJ
sans ADP
voilure NOUN
tournante ADJ
de ADP
l' DET
ingénieur NOUN
aéronautique VERB
Michel PROPN
Aguilar PROPN
financé VERB
par ADP
la DET
DGA NOUN
et CCONJ
la DET
DGCIS ADJ
et CCONJ
soutenu VERB
par ADP
de DET
multiples ADJ
partenaires ADJ
français ADJ
du ADP
secteur NOUN
aéronautique ADJ
et CCONJ
spatial ADJ
tels ADJ
que SCONJ
Dassault NOUN
Systèmes PROPN
EADS NOUN
Innovation PROPN
Works PROPN
MBDA PROPN
Altran PROPN
Technologies PROPN
Sogeti PROPN
Turbomeca PROPN
COMAT PROPN
Aerospace PROPN
et CCONJ
l' DET
Institut PROPN
Pprime PROPN
. PUNCT
"
Christophe Pignol (born in 1969) former professional footballer twice champion of France (1995 2000) founder of the Christophe Pignol association to fight against leukemia.,Christophe Pignol (né en 1969) ancien footballeur professionnel double champion de France (1995 2000) fondateur de l'association Christophe Pignol visant à lutter contre la leucémie.,TRUE,"Christophe PROPN
Pignol PROPN
( PUNCT
born VERB
in ADP
1969 NUM
) PUNCT
former ADJ
professional ADJ
footballer NOUN
twice ADV
champion NOUN
of ADP
France PROPN
( PUNCT
1995 NUM
2000 NUM
) PUNCT
founder NOUN
of ADP
the DET
Christophe PROPN
Pignol PROPN
association NOUN
to PART
fight VERB
against ADP
leukemia NOUN
. PUNCT
","Christophe PROPN
Pignol PROPN
( PUNCT
né VERB
en ADP
1969 NUM
) PUNCT
ancien ADJ
footballeur NOUN
professionnel ADJ
double ADJ
champion NOUN
de ADP
France PROPN
( PUNCT
1995 NUM
2000 NUM
) PUNCT
fondateur NOUN
de ADP
l' DET
association NOUN
Christophe PROPN
Pignol PROPN
visant VERB
à ADP
lutter VERB
contre ADP
la DET
leucémie NOUN
. PUNCT"
On 2 February 2017 Ewa Dziedzic Mariella Muller and Michaela Tulipan officially registered the NGO located in Vienna and chaired by Silvia Casalino and Mariella Müller.,Le 2 février 2017 Ewa Dziedzic Mariella Muller et Michaela Tulipan enregistrent officiellement l'ONG basée à Vienne et présidée par Silvia Casalino et Mariella Müller.,TRUE,"On ADP
2 NUM
February PROPN
2017 NUM
Ewa PROPN
Dziedzic PROPN
Mariella PROPN
Muller PROPN
and CCONJ
Michaela PROPN
Tulipan PROPN
officially ADV
registered VERB
the DET
NGO PROPN
located VERB
in ADP
Vienna PROPN
and CCONJ
chaired VERB
by ADP
Silvia PROPN
Casalino PROPN
and CCONJ
Mariella PROPN
Müller PROPN
. PUNCT
","Le DET
2 NUM
février NOUN
2017 NUM
Ewa PROPN
Dziedzic PROPN
Mariella PROPN
Muller PROPN
et CCONJ
Michaela PROPN
Tulipan ADV
enregistrent VERB
officiellement ADV
l' DET
ONG NOUN
basée VERB
à ADP
Vienne PROPN
et CCONJ
présidée VERB
par ADP
Silvia NOUN
Casalino PROPN
et CCONJ
Mariella PROPN
Müller PROPN
. PUNCT"
They performed only one concert that was open to the public and did so wearing masks.,Ils n'ont fait qu'un seul concert ouvert au public et portaient ce jour-là des masques.,TRUE,"They PRON
performed VERB
only ADV
one NUM
concert NOUN
that PRON
was AUX
open ADJ
to ADP
the DET
public NOUN
and CCONJ
did AUX
so ADV
wearing VERB
masks NOUN
. PUNCT
","Ils PRON
n' ADV
ont AUX
fait VERB
qu' SCONJ
un DET
seul ADJ
concert NOUN
ouvert ADJ
au ADP
public NOUN
et CCONJ
portaient NOUN
ce DET
jour NOUN
-là PRON
des ADP
masques NOUN
. PUNCT"
"In 1916 Sazonova staged an opulent production of The Forces of Love in Magic at the cabaret ""Comedian’s Halt"" in Saint Petersburg.",En 1916 Sazonova met en scène une production opulente de The Forces of Love in Magic au cabaret Comedian's Halt de Saint-Pétersbourg.,TRUE,"In ADP
1916 NUM
Sazonova PROPN
staged VERB
an DET
opulent ADJ
production NOUN
of ADP
The DET
Forces PROPN
of ADP
Love PROPN
in ADP
Magic PROPN
at ADP
the DET
cabaret NOUN
"" PUNCT
Comedian PROPN
’s NOUN
Halt NOUN
"" PUNCT
in ADP
Saint PROPN
Petersburg PROPN
. PUNCT
","En ADP
1916 NUM
Sazonova PROPN
met VERB
en ADP
scène NOUN
une DET
production NOUN
opulente ADJ
de ADP
The X
Forces NOUN
of X
Love X
in X
Magic PROPN
au ADP
cabaret NOUN
Comedian' ADV
s NOUN
Halt VERB
de ADP
Saint-Pétersbourg PROPN
. PUNCT
"
There are nevertheless Orthodox authorities who recognize the efficacy of sex reassignment surgery (SRS) in changing halachic sex designation.,Néanmoins certaines autorités orthodoxes reconnaissent l'efficacité de la chirurgie de réassignation sexuelle pour changer la désignation du sexe halakhique.,TRUE,"There PRON
are VERB
nevertheless ADV
Orthodox PROPN
authorities NOUN
who PRON
recognize VERB
the DET
efficacy NOUN
of ADP
sex NOUN
reassignment NOUN
surgery NOUN
( PUNCT
SRS PROPN
) PUNCT
in ADP
changing VERB
halachic ADJ
sex NOUN
designation NOUN
. PUNCT
","Néanmoins ADV
certaines DET
autorités NOUN
orthodoxes ADJ
reconnaissent VERB
l' DET
efficacité NOUN
de ADP
la DET
chirurgie NOUN
de ADP
réassignation NOUN
sexuelle ADJ
pour ADP
changer VERB
la DET
désignation NOUN
du ADP
sexe NOUN
halakhique ADJ
. PUNCT"
However CB Mass member Curbin allegedly embezzled Epik High and TBNY's funds for their first studio album effectively causing the disbandment of CB Mass (and the creation of Dynamic Duo without Curbin).,Cependant Curbin de CB Mass a allègrement détourné les fonds qu'Epik High et TBNY pour leur premier album studio causant la séparation de CB Mass (et la création de Dynamic Duo sans Curbin).,TRUE,"However ADV
CB PROPN
Mass NOUN
member NOUN
Curbin PROPN
allegedly ADV
embezzled VERB
Epik PROPN
High PROPN
and CCONJ
TBNY PROPN
's PART
funds NOUN
for ADP
their PRON
first ADJ
studio NOUN
album NOUN
effectively ADV
causing VERB
the DET
disbandment NOUN
of ADP
CB NOUN
Mass PROPN
( PUNCT
and CCONJ
the DET
creation NOUN
of ADP
Dynamic PROPN
Duo PROPN
without ADP
Curbin PROPN
) PUNCT
. PUNCT
","Cependant ADV
Curbin PROPN
de ADP
CB NOUN
Mass PRON
a AUX
allègrement ADV
détourné VERB
les DET
fonds NOUN
qu' PRON
Epik NOUN
High PROPN
et CCONJ
TBNY PROPN
pour ADP
leur DET
premier ADJ
album NOUN
studio ADJ
causant VERB
la DET
séparation NOUN
de ADP
CB NOUN
Mass PROPN
( PUNCT
et CCONJ
la DET
création NOUN
de ADP
Dynamic PROPN
Duo PROPN
sans ADP
Curbin PROPN
) PUNCT
. PUNCT"
Orlando City SC plans to maintain ties with Louisville.,Malgré ce déménagement Orlando City SC prévoit de maintenir des liens avec Louisville.,TRUE,"Orlando PROPN
City PROPN
SC PROPN
plans VERB
to PART
maintain VERB
ties NOUN
with ADP
Louisville PROPN
. PUNCT
","Malgré ADP
ce DET
déménagement NOUN
Orlando ADV
City X
SC PROPN
prévoit NOUN
de ADP
maintenir VERB
des DET
liens NOUN
avec ADP
Louisville PROPN
. PUNCT"
"In France companies such as Schuepbach Energy GDF Suez Total and Devon Energy obtained three exploration permits in March 2010 (permits so-called ""Montelimar"" ""Nant"" and ""Villeneuve de Berg"") for a total area of 9672 km2 in the departments of Ardèche Drôme Lozère Hérault Gard and Vaucluse.",En France Schuepbach Energy GDF Suez Total et Devon Energy ont obtenu en mars 2010 trois permis d’exploration (les permis dits de « Montélimar » de « Nant » et de « Villeneuve de Berg » ) pour une superficie totale de 9 672 km2 sur les départements de l’Ardèche de la Drôme de la Lozère de l’Hérault du Gard et du Vaucluse.,TRUE,"In ADP
France PROPN
companies NOUN
such ADJ
as ADP
Schuepbach PROPN
Energy PROPN
GDF PROPN
Suez PROPN
Total PROPN
and CCONJ
Devon PROPN
Energy PROPN
obtained VERB
three NUM
exploration NOUN
permits NOUN
in ADP
March PROPN
2010 NUM
( PUNCT
permits VERB
so ADV
- PUNCT
called VERB
"" PUNCT
Montelimar PROPN
"" PUNCT
"" PUNCT
Nant NOUN
"" PUNCT
and CCONJ
"" PUNCT
Villeneuve PROPN
de X
Berg PROPN
"" PUNCT
) PUNCT
for ADP
a DET
total ADJ
area NOUN
of ADP
9672 NUM
km2 PROPN
in ADP
the DET
departments NOUN
of ADP
Ardèche PROPN
Drôme PROPN
Lozère PROPN
Hérault PROPN
Gard PROPN
and CCONJ
Vaucluse PROPN
. PUNCT
","En ADP
France PROPN
Schuepbach PROPN
Energy PROPN
GDF PROPN
Suez X
Total PROPN
et CCONJ
Devon PROPN
Energy PROPN
ont AUX
obtenu VERB
en ADP
mars NOUN
2010 NUM
trois NUM
permis VERB
d’ ADV
exploration NOUN
( PUNCT
les DET
permis NOUN
dits VERB
de ADP
« NOUN
Montélimar PROPN
» ADJ
de ADP
« PROPN
Nant ADJ
» ADJ
et CCONJ
de ADP
« NOUN
Villeneuve NOUN
de ADP
Berg PROPN
» ADJ
) PUNCT
pour ADP
une DET
superficie NOUN
totale ADJ
de ADP
9 NUM
672 DET
km2 NOUN
sur ADP
les DET
départements NOUN
de ADP
l’ NOUN
Ardèche NOUN
de ADP
la DET
Drôme PROPN
de ADP
la DET
Lozère PROPN
de ADP
l’ SPACE
Hérault NOUN
du ADP
Gard PROPN
et CCONJ
du ADP
Vaucluse PROPN
. PUNCT"
The controversy on Hrafnkels saga remains unsettled.,Le débat relatif à la saga de Hrafnkell reste ouvert.,TRUE,"The DET
controversy NOUN
on ADP
Hrafnkels PROPN
saga NOUN
remains VERB
unsettled ADJ
. PUNCT
","Le DET
débat NOUN
relatif ADJ
à ADP
la DET
saga NOUN
de ADP
Hrafnkell PROPN
reste VERB
ouvert ADJ
. PUNCT"
The Northern Sporades (Skiathos Skopelos and Alonissos) were Byzantine possessions that came under Venetian rule after the Fall of Constantinople in 1453.,Les Sporades septentrionales (Skiathos Skópelos et Alonissos) possessions byzantines passent sous domination vénitienne après la chute de Constantinople en 1453.,TRUE,"The DET
Northern PROPN
Sporades PROPN
( PUNCT
Skiathos PROPN
Skopelos PROPN
and CCONJ
Alonissos PROPN
) PUNCT
were AUX
Byzantine ADJ
possessions NOUN
that PRON
came VERB
under ADP
Venetian ADJ
rule NOUN
after ADP
the DET
Fall NOUN
of ADP
Constantinople PROPN
in ADP
1453 NUM
. PUNCT
","Les DET
Sporades NOUN
septentrionales ADJ
( PUNCT
Skiathos PROPN
Skópelos PROPN
et CCONJ
Alonissos PROPN
) PUNCT
possessions NOUN
byzantines ADJ
passent VERB
sous ADP
domination NOUN
vénitienne VERB
après ADP
la DET
chute NOUN
de ADP
Constantinople PROPN
en ADP
1453 NUM
. PUNCT"
The oldest-known inscribed stone is from Shinobu and dates to 1664.,La plus ancienne pierre gravée connue provient du mont Shinobu et date de 1664.,TRUE,"The DET
oldest ADV
- PUNCT
known VERB
inscribed VERB
stone NOUN
is AUX
from ADP
Shinobu PROPN
and CCONJ
dates VERB
to ADP
1664 NUM
. PUNCT
","La DET
plus ADV
ancienne ADJ
pierre NOUN
gravée ADJ
connue VERB
provient VERB
du ADP
mont NOUN
Shinobu PROPN
et CCONJ
date NOUN
de ADP
1664 NUM
. PUNCT"
2016 : Serie Sans Repères represented by A2Z Art Gallery Bali Indonésie.,2016 : Série Sans Repères représenté par A2Z Art Gallery Bali Indonésie .,TRUE,"2016 NUM
: PUNCT
Serie PROPN
Sans PROPN
Repères PROPN
represented VERB
by ADP
A2Z PROPN
Art PROPN
Gallery PROPN
Bali PROPN
Indonésie PROPN
. PUNCT
","2016 NUM
: PUNCT
Série NOUN
Sans ADP
Repères PROPN
représenté VERB
par ADP
A2Z NOUN
Art PROPN
Gallery PROPN
Bali PROPN
Indonésie PROPN
. PUNCT"
The city slowly grew after World War II; by 1960 it had reached its 1880 boom-time population.,La ville a grandi lentement après la Seconde Guerre mondiale pour atteindre dans les années 1960 le niveau de population qu'elle avait vers 1880.,TRUE,"The DET
city NOUN
slowly ADV
grew VERB
after ADP
World PROPN
War PROPN
II PROPN
; PUNCT
by ADP
1960 NUM
it PRON
had AUX
reached VERB
its PRON
1880 NUM
boom NOUN
- PUNCT
time NOUN
population NOUN
. PUNCT
","La DET
ville NOUN
a AUX
grandi VERB
lentement ADV
après ADP
la DET
Seconde ADJ
Guerre NOUN
mondiale ADJ
pour ADP
atteindre VERB
dans ADP
les DET
années NOUN
1960 NUM
le DET
niveau NOUN
de ADP
population NOUN
qu' PRON
elle PRON
avait AUX
vers ADP
1880 NUM
. PUNCT"
"The Landrecht (German:  ""customary law of the region"" plural: Landrechte) was the law applying within an individual state in the Holy Roman Empire during the Middle Ages and Early Modern times.","Le Landrecht (allemand:  ""droit coutumier de la région""pluriel: Landrechte) était la loi qui s’appliquait au sein du Saint Empire romain germanique au Moyen Âge et au début de l’époque moderne.",TRUE,"The DET
Landrecht PROPN
( PUNCT
German PROPN
: PUNCT
"" PUNCT
customary ADJ
law NOUN
of ADP
the DET
region NOUN
"" PUNCT
plural NOUN
: PUNCT
Landrechte PROPN
) PUNCT
was AUX
the DET
law NOUN
applying VERB
within ADP
an DET
individual ADJ
state NOUN
in ADP
the DET
Holy PROPN
Roman PROPN
Empire PROPN
during ADP
the DET
Middle PROPN
Ages PROPN
and CCONJ
Early ADJ
Modern ADJ
times NOUN
. PUNCT
","Le DET
Landrecht PROPN
( PUNCT
allemand NOUN
: PUNCT
  SPACE
droit NOUN
coutumier ADJ
de ADP
la DET
région NOUN
pluriel ADJ
: PUNCT
Landrechte PROPN
) PUNCT
était AUX
la DET
loi NOUN
qui PRON
s’ AUX
appliquait VERB
au ADP
sein NOUN
du ADP
Saint NOUN
Empire PROPN
romain VERB
germanique ADJ
au ADP
Moyen NOUN
Âge PROPN
et CCONJ
au ADP
début NOUN
de ADP
l’ SPACE
époque NOUN
moderne ADJ
. PUNCT"
Sporadically he received orders from the Cipher Bureau; Captain Maksymilian Ciężki chief of the Bureau's German section (BS 4) had known him since his army years.,Sporadiquement il reçoit des commandes du Biuro Szyfrów; le capitaine Maksymilian Ciężki chef du BS-4 (Section allemande) connait Fokczyński depuis l'armée.,TRUE,"Sporadically ADV
he PRON
received VERB
orders NOUN
from ADP
the DET
Cipher PROPN
Bureau PROPN
; PUNCT
Captain PROPN
Maksymilian PROPN
Ciężki PROPN
chief NOUN
of ADP
the DET
Bureau PROPN
's PART
German ADJ
section NOUN
( PUNCT
BS PROPN
4 NUM
) PUNCT
had AUX
known VERB
him PRON
since SCONJ
his PRON
army NOUN
years NOUN
. PUNCT
","Sporadiquement PROPN
il PRON
reçoit VERB
des DET
commandes NOUN
du ADP
Biuro PROPN
Szyfrów PROPN
; PUNCT
le DET
capitaine NOUN
Maksymilian PROPN
Ciężki PROPN
chef ADJ
du ADP
BS-4 NOUN
( PUNCT
Section NOUN
allemande ADJ
) PUNCT
connait VERB
Fokczyński PROPN
depuis ADP
l' DET
armée NOUN
. PUNCT
"
During the Sengoku period fearing the power of the monks of the Hongan-ji Oda Nobunaga tried to destroy it.,Au cours de la période Sengoku craignant la puissance des moines du Hongan-ji Oda Nobunaga essaye de le détruire.,TRUE,"During ADP
the DET
Sengoku PROPN
period NOUN
fearing VERB
the DET
power NOUN
of ADP
the DET
monks NOUN
of ADP
the DET
Hongan PROPN
- PUNCT
ji PROPN
Oda PROPN
Nobunaga PROPN
tried VERB
to PART
destroy VERB
it PRON
. PUNCT
","Au ADP
cours NOUN
de ADP
la DET
période NOUN
Sengoku PROPN
craignant VERB
la DET
puissance NOUN
des ADP
moines NOUN
du ADP
Hongan PROPN
- PROPN
ji PROPN
Oda PROPN
Nobunaga PROPN
essaye ADJ
de ADP
le DET
détruire NOUN
. PUNCT"
In all this is an area no larger than 6000 square kilometers half of the extended Silicon Valley's geographical coverage.,Au total il s'agit d'une superficie ne dépassant pas 6 000 kilomètres carrés la moitié de celle de la Silicon Valley.,TRUE,"In ADP
all DET
this PRON
is AUX
an DET
area NOUN
no ADV
larger ADJ
than ADP
6000 NUM
square ADJ
kilometers NOUN
half NOUN
of ADP
the DET
extended ADJ
Silicon PROPN
Valley PROPN
's PART
geographical ADJ
coverage NOUN
. PUNCT
","Au ADP
total NOUN
il PRON
s' PRON
agit VERB
d' ADP
une DET
superficie NOUN
ne ADV
dépassant VERB
pas ADV
6 DET
000 DET
kilomètres NOUN
carrés VERB
la DET
moitié NOUN
de ADP
celle PRON
de ADP
la DET
Silicon PROPN
Valley PROPN
. PUNCT
"
He also became the President of the Council of the Churches of Africa was a member of the World Council of Churches of Geneva and a director of the Christian Institute for Peace.,Il est également devenu le président du Conseil des Églises d'Afrique ainsi que membre du Conseil œcuménique des Églises de Genève et directeur de l'Institut chrétien pour la paix.,TRUE,"He PRON
also ADV
became VERB
the DET
President PROPN
of ADP
the DET
Council PROPN
of ADP
the DET
Churches PROPN
of ADP
Africa PROPN
was AUX
a DET
member NOUN
of ADP
the DET
World PROPN
Council PROPN
of ADP
Churches PROPN
of ADP
Geneva PROPN
and CCONJ
a DET
director NOUN
of ADP
the DET
Christian PROPN
Institute PROPN
for ADP
Peace PROPN
. PUNCT
","Il PRON
est AUX
également ADV
devenu VERB
le DET
président NOUN
du ADP
Conseil NOUN
des ADP
Églises NOUN
d' ADP
Afrique PROPN
ainsi ADV
que SCONJ
membre NOUN
du ADP
Conseil NOUN
œcuménique ADJ
des ADP
Églises NOUN
de ADP
Genève PROPN
et CCONJ
directeur NOUN
de ADP
l' DET
Institut PROPN
chrétien ADJ
pour ADP
la DET
paix NOUN
. PUNCT"
"In 1999 Jos Stam published the ""Stable Fluids"" method which exploited a semi-Lagrangian advection technique and implicit integration of viscosity to provide unconditionally stable behaviour.",En 1999 Jos Stam a publié une méthode nommée « fluides stables » qui exploitait une technique d'advection semi-lagrangienne et une intégration implicite de la viscosité pour fournir un comportement inconditionnellement stable.,TRUE,"In ADP
1999 NUM
Jos PROPN
Stam PROPN
published VERB
the DET
"" PUNCT
Stable PROPN
Fluids PROPN
"" PUNCT
method NOUN
which PRON
exploited VERB
a DET
semi ADJ
- ADJ
Lagrangian ADJ
advection NOUN
technique NOUN
and CCONJ
implicit ADJ
integration NOUN
of ADP
viscosity NOUN
to PART
provide VERB
unconditionally ADV
stable ADJ
behaviour NOUN
. PUNCT
","En ADP
1999 NUM
Jos PROPN
Stam PROPN
a AUX
publié VERB
une DET
méthode NOUN
nommée ADJ
« ADJ
fluides NOUN
stables ADJ
» ADJ
qui PRON
exploitait VERB
une DET
technique NOUN
d' ADP
advection NOUN
semi-lagrangienne ADJ
et CCONJ
une DET
intégration NOUN
implicite ADJ
de ADP
la DET
viscosité NOUN
pour ADP
fournir VERB
un DET
comportement NOUN
inconditionnellement ADJ
stable ADJ
. PUNCT
"
The official exchange rate was 1 franc = 0.1645 ℛℳ.,Le taux de change était de 1 franc pour 01645 reichsmark.,TRUE,"The DET
official ADJ
exchange NOUN
rate NOUN
was AUX
1 NUM
franc NOUN
= NOUN
0.1645 NUM
ℛℳ. NOUN
","Le DET
taux NOUN
de ADP
change NOUN
était AUX
de ADP
1 NUM
franc ADJ
pour ADP
01645 NUM
reichsmark NOUN
. PUNCT"
Nothhelm oversaw the reorganisation of the Mercian dioceses which took place in 737.,Nothhelm supervise également la réorganisation des diocèses de Mercie en 737.,TRUE,"Nothhelm PROPN
oversaw VERB
the DET
reorganisation NOUN
of ADP
the DET
Mercian ADJ
dioceses NOUN
which PRON
took VERB
place NOUN
in ADP
737 NUM
. PUNCT
","Nothhelm NOUN
supervise VERB
également ADV
la DET
réorganisation NOUN
des ADP
diocèses NOUN
de ADP
Mercie NOUN
en ADP
737 PRON
. PUNCT"
Prince Kuni Asaakira was one of his classmates.,Le prince Asaakira Kuni est l'un de ses camarades de classe.,TRUE,"Prince PROPN
Kuni PROPN
Asaakira PROPN
was AUX
one NUM
of ADP
his PRON
classmates NOUN
. PUNCT
","Le DET
prince PROPN
Asaakira PROPN
Kuni PROPN
est AUX
l' DET
un PRON
de ADP
ses DET
camarades NOUN
de ADP
classe NOUN
. PUNCT"
It made its début at Rallye Monte Carlo 2009 with factory team Škoda Motorsport and drivers Jan Kopecký and Juho Hänninen.,Elle a réalisé ses débuts au Rallye Monte-Carlo 2009 avec comme pilotes Jan Kopecký et Juho Hänninen.,TRUE,"It PRON
made VERB
its PRON
début NOUN
at ADP
Rallye PROPN
Monte PROPN
Carlo PROPN
2009 NUM
with ADP
factory NOUN
team NOUN
Škoda PROPN
Motorsport PROPN
and CCONJ
drivers NOUN
Jan PROPN
Kopecký PROPN
and CCONJ
Juho PROPN
Hänninen PROPN
. PUNCT
","Elle PRON
a AUX
réalisé VERB
ses DET
débuts NOUN
au ADP
Rallye NOUN
Monte PROPN
- PUNCT
Carlo PROPN
2009 NUM
avec ADP
comme SCONJ
pilotes NOUN
Jan PROPN
Kopecký PROPN
et CCONJ
Juho PROPN
Hänninen PROPN
. PUNCT"
In option Y despite the fact that the number of black balls is uncertain the probability of selecting a winning ball is also 1 in 3.,Dans l'option Y malgré le fait que le nombre de boules noires soit incertain la probabilité de choisir une boule gagnante est également de 1 sur 3.,TRUE,"In ADP
option NOUN
Y PROPN
despite SCONJ
the DET
fact NOUN
that SCONJ
the DET
number NOUN
of ADP
black ADJ
balls NOUN
is AUX
uncertain ADJ
the DET
probability NOUN
of ADP
selecting VERB
a DET
winning VERB
ball NOUN
is AUX
also ADV
1 NUM
in ADP
3 NUM
. PUNCT
","Dans ADP
l' DET
option NOUN
Y NOUN
malgré ADP
le DET
fait NOUN
que SCONJ
le DET
nombre NOUN
de ADP
boules NOUN
noires ADJ
soit AUX
incertain ADJ
la DET
probabilité NOUN
de ADP
choisir NOUN
une DET
boule ADJ
gagnante NOUN
est AUX
également ADV
de ADP
1 PRON
sur ADP
3 PRON
. PUNCT"
The degree d Schur polynomials in n variables are a linear basis for the space of homogeneous degree d symmetric polynomials in n variables.,Les polynômes de Schur de degré d en n variables forment une base de l'espace des polynômes symétriques homogènes de degré d en n variables.,TRUE,"The DET
degree NOUN
d PROPN
Schur PROPN
polynomials NOUN
in ADP
n NOUN
variables NOUN
are AUX
a DET
linear ADJ
basis NOUN
for ADP
the DET
space NOUN
of ADP
homogeneous ADJ
degree NOUN
d NOUN
symmetric ADJ
polynomials NOUN
in ADP
n NOUN
variables NOUN
. PUNCT
","Les DET
polynômes NOUN
de ADP
Schur NOUN
de ADP
degré NOUN
d ADP
en ADP
n ADJ
variables ADJ
forment ADV
une DET
base NOUN
de ADP
l' DET
espace NOUN
des ADP
polynômes NOUN
symétriques ADJ
homogènes NOUN
de ADP
degré NOUN
d ADP
en ADP
n ADJ
variables ADJ
. PUNCT
"
"Zenshūyo (禅宗様 ""Zen style"") is a Japanese Buddhist architectural style derived from Chinese Song Dynasty architecture.",Le zenshūyo (禅宗様 lit. « style Zen »?) est un style d'architecture bouddhiste japonais dérivé de l'architecture de la dynastie Song chinoise.,TRUE,"Zenshūyo PROPN
( PUNCT
禅宗様 PROPN
"" PUNCT
Zen PROPN
style NOUN
"" PUNCT
) PUNCT
is AUX
a DET
Japanese ADJ
Buddhist ADJ
architectural ADJ
style NOUN
derived VERB
from ADP
Chinese ADJ
Song PROPN
Dynasty PROPN
architecture NOUN
. PUNCT
","Le DET
zenshūyo NOUN
( PUNCT
禅宗様 NOUN
lit ADJ
. PUNCT
« NOUN
style NOUN
Zen PROPN
» PUNCT
? PUNCT
) PUNCT
est AUX
un DET
style NOUN
d' ADP
architecture NOUN
bouddhiste ADJ
japonais VERB
dérivé VERB
de ADP
l' DET
architecture NOUN
de ADP
la DET
dynastie NOUN
Song ADV
chinoise ADJ
. PUNCT
"
In the months leading up to Yeates' death Tabak had used his computer to research escort agencies during business trips in the United Kingdom and United States and contacted several sex workers by phone.,Dans les mois précédents la mort de Joanna Yeates Vincent Tabak utilise son ordinateur pour communiquer avec des agences d'escorte féminines lorsqu'il voyage par affaires au Royaume-Uni et aux États-Unis et téléphone à des prostitués.,TRUE,"In ADP
the DET
months NOUN
leading VERB
up ADP
to ADP
Yeates PROPN
' PART
death NOUN
Tabak PROPN
had AUX
used VERB
his PRON
computer NOUN
to PART
research VERB
escort NOUN
agencies NOUN
during ADP
business NOUN
trips NOUN
in ADP
the DET
United PROPN
Kingdom PROPN
and CCONJ
United PROPN
States PROPN
and CCONJ
contacted VERB
several ADJ
sex NOUN
workers NOUN
by ADP
phone NOUN
. PUNCT
","Dans ADP
les DET
mois NOUN
précédents ADJ
la DET
mort NOUN
de ADP
Joanna PROPN
Yeates PROPN
Vincent PROPN
Tabak PROPN
utilise ADJ
son DET
ordinateur NOUN
pour ADP
communiquer VERB
avec ADP
des DET
agences NOUN
d' ADP
escorte NOUN
féminines ADJ
lorsqu' SCONJ
il PRON
voyage VERB
par ADP
affaires NOUN
au ADP
Royaume PROPN
- PROPN
Uni PROPN
et CCONJ
aux ADP
États-Unis PROPN
et CCONJ
téléphone NOUN
à ADP
des DET
prostitués NOUN
. PUNCT
"
More recent major contributors to the genre include Ralph Vaughan Williams Granville Bantock Arnold Bax Peter Warlock Gustav Holst and Benjamin Britten.,Parmi les récents contributeurs importants de ce genre musical figurent Ralph Vaughan Williams Granville Bantock Arnold Bax Peter Warlock Gustav Holst et Benjamin Britten.,TRUE,"More ADV
recent ADJ
major ADJ
contributors NOUN
to ADP
the DET
genre NOUN
include VERB
Ralph PROPN
Vaughan PROPN
Williams PROPN
Granville PROPN
Bantock PROPN
Arnold PROPN
Bax PROPN
Peter PROPN
Warlock PROPN
Gustav PROPN
Holst PROPN
and CCONJ
Benjamin PROPN
Britten PROPN
. PUNCT
","Parmi ADP
les DET
récents NOUN
contributeurs NOUN
importants ADJ
de ADP
ce DET
genre NOUN
musical NOUN
figurent VERB
Ralph PROPN
Vaughan ADJ
Williams PROPN
Granville PROPN
Bantock PROPN
Arnold PROPN
Bax PROPN
Peter VERB
Warlock PROPN
Gustav PROPN
Holst PROPN
et CCONJ
Benjamin NOUN
Britten PROPN
. PUNCT"
Albanian iso-polyphony is a traditional part of Albanian folk music and as such is included in UNESCO's intangible cultural heritage list.,L'Iso-polyphonie albanaise est une forme musicale traditionnelle de musique albanaise incluse par l'UNESCO sur la liste représentative du patrimoine culturel immatériel de l'humanité.,TRUE,"Albanian ADJ
iso NOUN
- PUNCT
polyphony NOUN
is AUX
a DET
traditional ADJ
part NOUN
of ADP
Albanian ADJ
folk NOUN
music NOUN
and CCONJ
as SCONJ
such ADJ
is AUX
included VERB
in ADP
UNESCO PROPN
's PART
intangible ADJ
cultural ADJ
heritage NOUN
list NOUN
. PUNCT
","L' DET
Iso PROPN
- PROPN
polyphonie NOUN
albanaise ADJ
est AUX
une DET
forme NOUN
musicale ADJ
traditionnelle ADJ
de ADP
musique NOUN
albanaise ADJ
incluse ADJ
par ADP
l' DET
UNESCO NOUN
sur ADP
la DET
liste NOUN
représentative ADJ
du ADP
patrimoine NOUN
culturel NOUN
immatériel ADJ
de ADP
l' DET
humanité PROPN
. PUNCT"
It has three schools.,Il y a trois écoles.,TRUE,"It PRON
has VERB
three NUM
schools NOUN
. PUNCT
","Il PRON
y PRON
a VERB
trois NUM
écoles NOUN
. PUNCT"
Five days later she spoke on Wall Street to an estimated 50000 people.,Cinq jours plus tard elle s'exprime à Wall Street devant une foule estimée à 50 000 personnes.,TRUE,"Five NUM
days NOUN
later ADV
she PRON
spoke VERB
on ADP
Wall PROPN
Street PROPN
to ADP
an DET
estimated VERB
50000 NUM
people NOUN
. PUNCT
","Cinq NUM
jours NOUN
plus ADV
tard ADV
elle PRON
s' PRON
exprime VERB
à ADP
Wall PROPN
Street PROPN
devant ADP
une DET
foule NOUN
estimée VERB
à ADP
50 DET
000 DET
personnes NOUN
. PUNCT"
The island is visited annually by some 4000 tourists.,L'île est visitée chaque année par quelque 4 000 touristes.,TRUE,"The DET
island NOUN
is AUX
visited VERB
annually ADV
by ADP
some DET
4000 NUM
tourists NOUN
. PUNCT
","L' DET
île PROPN
est AUX
visitée VERB
chaque DET
année NOUN
par ADP
quelque ADV
4 NUM
000 DET
touristes NOUN
. PUNCT"
His support for the Kansas–Nebraska Act and his determination to enforce the Fugitive Slave Act helped polarize the sections.,Son soutien à l'acte Kansas-Nebraska et sa détermination à appliquer le Fugitive Slave Act aggravèrent les divisions.,TRUE,"His PRON
support NOUN
for ADP
the DET
Kansas PROPN
– PUNCT
Nebraska PROPN
Act PROPN
and CCONJ
his PRON
determination NOUN
to PART
enforce VERB
the DET
Fugitive PROPN
Slave PROPN
Act PROPN
helped VERB
polarize VERB
the DET
sections NOUN
. PUNCT
","Son DET
soutien NOUN
à ADP
l' DET
acte NOUN
Kansas PROPN
- PROPN
Nebraska PROPN
et CCONJ
sa DET
détermination NOUN
à ADP
appliquer VERB
le DET
Fugitive NOUN
Slave ADJ
Act PROPN
aggravèrent ADV
les DET
divisions NOUN
. PUNCT"
The HF120 engine’s components interact with greater efficiency by incorporating 3D aerodynamic design and its effusion-cooled combustor design emits few NOx CO and HC.,Les composants du HF120 interagissent avec une meilleure efficacité grâce à l'emploi de conception tridimensionnelle assistée par ordinateur et sa chambre de combustion refroidie par diffusion émet peu d'oxydes d'azote monoxydes de carbone et hydrocarbures imbrûlés.,TRUE,"The DET
HF120 PROPN
engine NOUN
’s PART
components NOUN
interact VERB
with ADP
greater ADJ
efficiency NOUN
by ADP
incorporating VERB
3D ADJ
aerodynamic ADJ
design NOUN
and CCONJ
its PRON
effusion NOUN
- PUNCT
cooled VERB
combustor NOUN
design NOUN
emits VERB
few ADJ
NOx NOUN
CO PROPN
and CCONJ
HC PROPN
. PUNCT
","Les DET
composants NOUN
du ADP
HF120 PROPN
interagissent VERB
avec ADP
une DET
meilleure ADJ
efficacité NOUN
grâce NOUN
à ADP
l' DET
emploi NOUN
de ADP
conception NOUN
tridimensionnelle ADJ
assistée VERB
par ADP
ordinateur NOUN
et CCONJ
sa DET
chambre NOUN
de ADP
combustion NOUN
refroidie VERB
par ADP
diffusion NOUN
émet VERB
peu ADV
d' ADP
oxydes NOUN
d' ADP
azote NOUN
monoxydes NOUN
de ADP
carbone NOUN
et CCONJ
hydrocarbures ADJ
imbrûlés NOUN
. PUNCT"
The Japanese were consolidating their position in Burma.,Les Japonais consolident leurs positions en Birmanie.,TRUE,"The DET
Japanese PROPN
were AUX
consolidating VERB
their PRON
position NOUN
in ADP
Burma PROPN
. PUNCT
","Les DET
Japonais NOUN
consolident VERB
leurs DET
positions NOUN
en ADP
Birmanie PROPN
. PUNCT"
Conclusions reached by three separate official commissions set up to investigate the issue unanimously found that the majority of the children were buried having died from diseases.,Les différentes commissions officielles israéliennes qui se sont penchées sur la question ont conclu que la grande majorité d'entre eux sont morts de maladie.,TRUE,"Conclusions NOUN
reached VERB
by ADP
three NUM
separate ADJ
official ADJ
commissions NOUN
set VERB
up ADP
to PART
investigate VERB
the DET
issue NOUN
unanimously ADV
found VERB
that SCONJ
the DET
majority NOUN
of ADP
the DET
children NOUN
were AUX
buried VERB
having AUX
died VERB
from ADP
diseases NOUN
. PUNCT
","Les DET
différentes ADJ
commissions NOUN
officielles ADJ
israéliennes VERB
qui PRON
se PRON
sont AUX
penchées VERB
sur ADP
la DET
question NOUN
ont AUX
conclu VERB
que SCONJ
la DET
grande ADJ
majorité NOUN
d' ADP
entre ADP
eux PRON
sont AUX
morts NOUN
de ADP
maladie NOUN
. PUNCT"
"The song was performed 20th (last) on the night following Belgium's Pas de Deux with ""Rendez-vous"".",Il s'agit de la vingtième et dernière chanson interprétée lors de la soirée après Pas de deux qui représentaient la Belgique avec Rendez-vous.,TRUE,"The DET
song NOUN
was AUX
performed VERB
20th PROPN
( PUNCT
last ADV
) PUNCT
on ADP
the DET
night NOUN
following VERB
Belgium PROPN
's PART
Pas PROPN
de X
Deux PROPN
with ADP
"" PUNCT
Rendez PROPN
- PUNCT
vous PROPN
"" PUNCT
. PUNCT
","Il PRON
s' PRON
agit VERB
de ADP
la DET
vingtième ADJ
et CCONJ
dernière ADJ
chanson NOUN
interprétée VERB
lors ADV
de ADP
la DET
soirée NOUN
après ADP
Pas ADV
de ADP
deux NUM
qui PRON
représentaient VERB
la DET
Belgique PROPN
avec ADP
Rendez NOUN
-vous NOUN
. PUNCT"
According to tradition the Apostle Paul wrote the letter while he was in prison in Rome (around AD 62).,Selon la tradition Paul de Tarse aurait écrit cette lettre alors qu'il se trouvait à Rome (vers 61-62).,TRUE,"According VERB
to ADP
tradition NOUN
the DET
Apostle PROPN
Paul PROPN
wrote VERB
the DET
letter NOUN
while SCONJ
he PRON
was AUX
in ADP
prison NOUN
in ADP
Rome PROPN
( PUNCT
around ADP
AD NOUN
62 NUM
) PUNCT
. PUNCT
","Selon ADP
la DET
tradition NOUN
Paul PROPN
de ADP
Tarse NOUN
aurait AUX
écrit VERB
cette DET
lettre NOUN
alors ADV
qu' SCONJ
il PRON
se PRON
trouvait VERB
à ADP
Rome PROPN
( PUNCT
vers ADP
61 NOUN
- NOUN
62 NOUN
) PUNCT
. PUNCT"
During Sabarimala pilgrimage the town is often crowded by pilgrims.,Abritant la basilique Saint-François la ville accueille régulièrement de nombreux pèlerins.,FALSE,,"Abritant VERB
la DET
basilique NOUN
Saint-François PROPN
la DET
ville NOUN
accueille ADJ
régulièrement ADV
de DET
nombreux ADJ
pèlerins NOUN
. PUNCT"
Young leaves are bright green and grow uprightly; as they age they darken to a maroon (color) and droop.,Les jeunes mâles sont testés sur descendance en même temps que leur semence est recueillie et congelée.,FALSE,,"Les DET
jeunes ADJ
mâles NOUN
sont AUX
testés VERB
sur ADP
descendance NOUN
en ADP
même ADJ
temps NOUN
que SCONJ
leur DET
semence NOUN
est AUX
recueillie VERB
et CCONJ
congelée ADJ
. PUNCT"
I have to leave now.,Pour l’heure il faut partir.,FALSE,,"Pour ADP
l’ SPACE
heure NOUN
il PRON
faut VERB
partir VERB
. PUNCT"
Its seat is in Aulnay-sous-Bois.,Elle la relie à celle d'Aulnay-sous-Bois.,FALSE,,"Elle PRON
la DET
relie NOUN
à ADP
celle PRON
d' ADP
Aulnay-sous-Bois NOUN
. PUNCT"
"Points are awarded as follows: ""IX.",L'article 9 se lit comme suit : « 9.,FALSE,,
In the years that followed she published three more volumes: Hella and other poems (1836) Horae poeticae: lyrical and other poems (1859) and Eiler and Helvig: a Danish legend in verse (1863).,Il affirme qu'elle est « peut-être la première dame de ce pays à avoir fait de la littérature allemande son sujet d'études. » Les années suivantes elle publie trois volumes de poésie : Hella and other poems (1836) Horae poeticae: lyrical and other poems (1859) et Eiler and Helvig: a Danish legend in verse (1863).,FALSE,,
Alan John Williams (14 October 1930 – 21 December 2014) was a British Labour Party politician who was the Member of Parliament (MP) for Swansea West from 1964 to 2010.,Alan Williams modifier - modifier le code - modifier Wikidata Alan John Williams (14 octobre 1930 – 21 décembre 2014) était un homme politique travailliste britannique qui a été le Membre du Parlement (MP) pour Swansea Ouest de 1964 à 2010.,FALSE,,
(Morning Musume version) Koko ni Iruzee!,Singles de Morning Musume Koko ni Iruzee!,FALSE,,
The British Theatre Guide.,The British Theatre Guide.,FALSE,,
Minimal arrays containing all sub-array combinations of symbols: De Bruijn sequences and tori,Minimal arrays containing all sub-array combinations of symbols: De Bruijn sequences and tori Portail des mathématiques Portail de l'informatique théorique,FALSE,,
I Raise My Eyes to Say Yes.,Pour les articles homonymes voir Dis-moi oui.,FALSE,,
Does an entry have to be reporting on a union?,Ne faut-il donc aucun spectacle dans une République ?,FALSE,,